date,Sentiment_Ratio,delta,growth_rate,decision
2021-02-05 09:00:00,0.37373737373737376,,0.0,short
2021-02-05 12:00:00,0.4116279069767442,0.037890533239370416,0.10138277812696406,short
2021-02-05 15:00:00,0.3438155136268344,-0.0678123933499098,-0.16474197254497858,short
2021-02-05 18:00:00,0.38320209973753283,0.03938658611069845,0.11455732667562901,short
2021-02-05 21:00:00,0.34201954397394135,-0.04118255576359148,-0.10746954620498872,short
2021-02-06 00:00:00,0.42191780821917807,0.07989826424523672,0.23360730593607304,long
2021-02-06 03:00:00,0.3784860557768924,-0.04343175244228564,-0.1029388937755471,short
2021-02-06 06:00:00,0.4166666666666667,0.03818061088977426,0.10087719298245612,short
2021-02-06 09:00:00,0.37310195227765725,-0.04356471438900944,-0.10455531453362266,short
2021-02-06 12:00:00,0.3978685612788632,0.024766609001205975,0.06638027179974393,short
2021-02-06 15:00:00,0.3658051689860835,-0.03206339229277971,-0.08058790116444192,short
2021-02-06 18:00:00,0.3672316384180791,0.0014264694319955917,0.0038995332842053365,short
2021-02-06 21:00:00,0.3094688221709007,-0.057762816247178383,-0.1572925919346242,short
2021-02-07 00:00:00,0.4340659340659341,0.12459711189503336,0.4026160406757422,long
2021-02-07 03:00:00,0.34523809523809523,-0.08882783882783885,-0.20464135021097052,short
2021-02-07 06:00:00,0.36503067484662577,0.019792579608530536,0.05733023059022635,short
2021-02-07 09:00:00,0.3691588785046729,0.004128203658047114,0.011309196575826519,short
2021-02-07 12:00:00,0.31742738589211617,-0.05173149261255672,-0.1401334103681916,short
2021-02-07 15:00:00,0.39112050739957716,0.07369312150746099,0.2321574154679491,long
2021-02-07 18:00:00,0.4613466334164589,0.07022612601688172,0.17955112219451386,long
2021-02-07 21:00:00,0.35855263157894735,-0.10279400183751153,-0.2228129445234709,short
2021-02-08 00:00:00,0.42745098039215684,0.0688983488132095,0.19215686274509802,long
2021-02-08 03:00:00,0.48,0.05254901960784314,0.12293577981651382,long
2021-02-08 06:00:00,0.43882978723404253,-0.04117021276595745,-0.08577127659574468,short
2021-02-08 09:00:00,0.4728434504792332,0.03401366324519067,0.07750992351631325,short
2021-02-08 12:00:00,0.44803695150115475,-0.02480649897807846,-0.052462393109044325,short
2021-02-08 15:00:00,0.4184731385485391,-0.02956381295261562,-0.06598521138393076,short
2021-02-08 18:00:00,0.492622020431328,0.0741488818827889,0.17718910738206994,long
2021-02-08 21:00:00,0.35173299101412064,-0.14088902941720738,-0.2859982371349302,short
2021-02-09 00:00:00,0.4307692307692308,0.07903623975511015,0.2247052217855139,long
2021-02-09 03:00:00,0.39420935412026725,-0.03655987664896354,-0.08487114222080816,short
2021-02-09 06:00:00,0.41112828438948995,0.0169189302692227,0.042918642321361444,short
2021-02-09 09:00:00,0.37731958762886597,-0.03380869676062398,-0.0822339353538486,short
2021-02-09 12:00:00,0.41361256544502617,0.0362929778161602,0.09618630732698197,short
2021-02-09 15:00:00,0.38016528925619836,-0.03344727618882781,-0.08086619939324191,short
2021-02-09 18:00:00,0.43333333333333335,0.05316804407713499,0.13985507246376816,long
2021-02-09 21:00:00,0.4595959595959596,0.026262626262626265,0.06060606060606055,short
2021-02-10 00:00:00,0.4642857142857143,0.004689754689754688,0.010204081632652962,short
2021-02-10 03:00:00,0.476038338658147,0.011752624372432685,0.02531334480216274,short
2021-02-10 06:00:00,0.3798076923076923,-0.0962306463504547,-0.20214894166236452,short
2021-02-10 09:00:00,0.4199029126213592,0.04009522031366691,0.10556716234484465,long
2021-02-10 12:00:00,0.371900826446281,-0.04800208617507823,-0.11431710696030195,short
2021-02-10 15:00:00,0.40032679738562094,0.028425970939339962,0.07643427741466957,short
2021-02-10 18:00:00,0.39878542510121456,-0.0015413722844063726,-0.003850285053292657,short
2021-02-10 21:00:00,0.38461538461538464,-0.014170040485829927,-0.03553299492385775,short
2021-02-11 00:00:00,0.0,-0.38461538461538464,-1.0,short
2021-02-11 03:00:00,0.0,0.0,0.0,short
2021-02-11 06:00:00,0.0,0.0,0.0,short
2021-02-11 09:00:00,0.0,0.0,0.0,short
2021-02-11 12:00:00,0.0,0.0,0.0,short
2021-02-11 15:00:00,0.0,0.0,0.0,short
2021-02-11 18:00:00,0.0,0.0,0.0,short
2021-02-11 21:00:00,0.0,0.0,0.0,short
2021-02-12 00:00:00,0.0,0.0,0.0,short
2021-02-12 03:00:00,0.0,0.0,0.0,short
2021-02-12 06:00:00,0.0,0.0,0.0,short
2021-02-12 09:00:00,0.0,0.0,0.0,short
2021-02-12 12:00:00,0.0,0.0,0.0,short
2021-02-12 15:00:00,0.0,0.0,0.0,short
2021-02-12 18:00:00,0.0,0.0,0.0,short
2021-02-12 21:00:00,0.0,0.0,0.0,short
2021-02-13 00:00:00,0.0,0.0,0.0,short
2021-02-13 03:00:00,0.0,0.0,0.0,short
2021-02-13 06:00:00,0.36893203883495146,0.36893203883495146,inf,long
2021-02-13 09:00:00,0.42136498516320475,0.052432946328253294,0.14212088083710772,long
2021-02-13 12:00:00,0.3493975903614458,-0.07196739480175895,-0.1707958594943153,short
2021-02-13 15:00:00,0.36681222707423583,0.017414636712790033,0.04984189128143357,short
2021-02-13 18:00:00,0.4767932489451477,0.10998102187091185,0.29982921438617627,long
2021-02-13 21:00:00,0.5180722891566265,0.041279040211478824,0.08657639407186268,long
2021-02-14 00:00:00,0.48520710059171596,-0.03286518856491055,-0.06343745699738546,short
2021-02-14 03:00:00,0.3992673992673993,-0.08593970132431666,-0.1771196283391404,short
2021-02-14 06:00:00,0.34557235421166305,-0.053695045055736246,-0.13448392018546784,short
2021-02-14 09:00:00,0.40554156171284633,0.059969207501183286,0.17353589420654925,long
2021-02-14 12:00:00,0.5564409030544488,0.1508993413416025,0.3720934069106596,long
2021-02-14 15:00:00,0.5966386554621849,0.04019775240773604,0.07224082950602684,long
2021-02-14 18:00:00,0.5098039215686274,-0.08683473389355745,-0.14553990610328638,short
2021-02-14 21:00:00,0.5490196078431373,0.03921568627450989,0.0769230769230771,short
2021-02-15 00:00:00,0.722636815920398,0.17361720807726067,0.31623134328358193,long
2021-02-15 03:00:00,0.6649305555555556,-0.05770626036484239,-0.07985513482501427,short
2021-02-15 06:00:00,0.6741071428571429,0.009176587301587324,0.013800820589332297,short
2021-02-15 09:00:00,0.604982206405694,-0.0691249364514489,-0.10254295208691755,short
2021-02-15 12:00:00,0.5850694444444444,-0.01991276196124958,-0.03291462418300661,short
2021-02-15 15:00:00,0.5086342229199372,-0.07643522152450721,-0.13064298990538914,short
2021-02-15 18:00:00,0.39518072289156625,-0.11345350002837096,-0.223055183697754,short
2021-02-15 21:00:00,0.43031784841075793,0.03513712551919168,0.08891406762478393,short
2021-02-16 00:00:00,0.0,-0.43031784841075793,-1.0,short
2021-02-16 03:00:00,0.0,0.0,0.0,short
2021-02-16 06:00:00,0.0,0.0,0.0,short
2021-02-16 09:00:00,0.0,0.0,0.0,short
2021-02-16 12:00:00,0.0,0.0,0.0,short
2021-02-16 15:00:00,0.0,0.0,0.0,short
2021-02-16 18:00:00,0.0,0.0,0.0,short
2021-02-16 21:00:00,0.0,0.0,0.0,short
2021-02-17 00:00:00,0.0,0.0,0.0,short
2021-02-17 03:00:00,0.0,0.0,0.0,short
2021-02-17 06:00:00,0.0,0.0,0.0,short
2021-02-17 09:00:00,0.0,0.0,0.0,short
2021-02-17 12:00:00,0.0,0.0,0.0,short
2021-02-17 15:00:00,0.0,0.0,0.0,short
2021-02-17 18:00:00,0.0,0.0,0.0,short
2021-02-17 21:00:00,0.0,0.0,0.0,short
2021-02-18 00:00:00,0.0,0.0,0.0,short
2021-02-18 03:00:00,0.0,0.0,0.0,short
2021-02-18 06:00:00,0.4838709677419355,0.4838709677419355,inf,long
2021-02-18 09:00:00,0.4166666666666667,-0.06720430107526881,-0.13888888888888884,short
2021-02-18 12:00:00,0.4016393442622951,-0.015027322404371601,-0.0360655737704918,short
2021-02-18 15:00:00,0.40332640332640335,0.001687059064108265,0.00420043277186144,short
2021-02-18 18:00:00,0.3707627118644068,-0.03256369146199656,-0.08073781233618738,short
2021-02-18 21:00:00,0.4358288770053476,0.06506616514094082,0.175492742551566,long
2021-02-19 00:00:00,0.5227882037533512,0.08695932674800361,0.1995263079984868,long
2021-02-19 03:00:00,0.3970037453183521,-0.12578445843499914,-0.24060309228848553,short
2021-02-19 06:00:00,0.4458128078817734,0.048809062563421324,0.12294358211729706,long
2021-02-19 09:00:00,0.39655172413793105,-0.04926108374384236,-0.11049723756906071,short
2021-02-19 12:00:00,0.38445378151260506,-0.012097942625325986,-0.03050785531603939,short
2021-02-19 15:00:00,0.3996023856858847,0.015148604173279623,0.039402926702082564,short
2021-02-19 18:00:00,0.3841743119266055,-0.015428073759279182,-0.03860856269113144,short
2021-02-19 21:00:00,0.4063926940639269,0.022218382137321413,0.05783411708580388,short
2021-02-20 00:00:00,0.0,-0.4063926940639269,-1.0,short
2021-02-20 03:00:00,0.0,0.0,0.0,short
2021-02-20 06:00:00,0.0,0.0,0.0,short
2021-02-20 09:00:00,0.0,0.0,0.0,short
2021-02-20 12:00:00,0.0,0.0,0.0,short
2021-02-20 15:00:00,0.0,0.0,0.0,short
2021-02-20 18:00:00,0.0,0.0,0.0,short
2021-02-20 21:00:00,0.0,0.0,0.0,short
2021-02-21 00:00:00,0.0,0.0,0.0,short
2021-02-21 03:00:00,0.0,0.0,0.0,short
2021-02-21 06:00:00,0.0,0.0,0.0,short
2021-02-21 09:00:00,0.0,0.0,0.0,short
2021-02-21 12:00:00,0.0,0.0,0.0,short
2021-02-21 15:00:00,0.0,0.0,0.0,short
2021-02-21 18:00:00,0.0,0.0,0.0,short
2021-02-21 21:00:00,0.0,0.0,0.0,short
2021-02-22 00:00:00,0.0,0.0,0.0,short
2021-02-22 03:00:00,0.0,0.0,0.0,short
2021-02-22 06:00:00,0.4195583596214511,0.4195583596214511,inf,long
2021-02-22 09:00:00,0.41898527004909986,-0.0005730895723512486,-0.0013659352965063043,short
2021-02-22 12:00:00,0.37813211845102507,-0.04085315159807479,-0.09750498291571752,short
2021-02-22 15:00:00,0.3412112259970458,-0.03692089245397928,-0.09764019148974035,short
2021-02-22 18:00:00,0.3959731543624161,0.054761928365370305,0.16049275109677796,long
2021-02-22 21:00:00,0.3670103092783505,-0.028962845084065603,-0.07314345622925045,short
2021-02-23 00:00:00,0.0,-0.3670103092783505,-1.0,short
2021-02-23 03:00:00,0.0,0.0,0.0,short
2021-02-23 06:00:00,0.0,0.0,0.0,short
2021-02-23 09:00:00,0.0,0.0,0.0,short
2021-02-23 12:00:00,0.0,0.0,0.0,short
2021-02-23 15:00:00,0.0,0.0,0.0,short
2021-02-23 18:00:00,0.0,0.0,0.0,short
2021-02-23 21:00:00,0.0,0.0,0.0,short
2021-02-24 00:00:00,0.0,0.0,0.0,short
2021-02-24 03:00:00,0.0,0.0,0.0,short
2021-02-24 06:00:00,0.0,0.0,0.0,short
2021-02-24 09:00:00,0.0,0.0,0.0,short
2021-02-24 12:00:00,0.0,0.0,0.0,short
2021-02-24 15:00:00,0.0,0.0,0.0,short
2021-02-24 18:00:00,0.0,0.0,0.0,short
2021-02-24 21:00:00,0.0,0.0,0.0,short
2021-02-25 00:00:00,0.0,0.0,0.0,short
2021-02-25 03:00:00,0.0,0.0,0.0,short
2021-02-25 06:00:00,0.0,0.0,0.0,short
2021-02-25 09:00:00,0.0,0.0,0.0,short
2021-02-25 12:00:00,0.0,0.0,0.0,short
2021-02-25 15:00:00,0.0,0.0,0.0,short
2021-02-25 18:00:00,0.0,0.0,0.0,short
2021-02-25 21:00:00,0.0,0.0,0.0,short
2021-02-26 00:00:00,0.0,0.0,0.0,short
2021-02-26 03:00:00,0.0,0.0,0.0,short
2021-02-26 06:00:00,0.0,0.0,0.0,short
2021-02-26 09:00:00,0.0,0.0,0.0,short
2021-02-26 12:00:00,0.0,0.0,0.0,short
2021-02-26 15:00:00,0.0,0.0,0.0,short
2021-02-26 18:00:00,0.0,0.0,0.0,short
2021-02-26 21:00:00,0.0,0.0,0.0,short
2021-02-27 00:00:00,0.0,0.0,0.0,short
2021-02-27 03:00:00,0.0,0.0,0.0,short
2021-02-27 06:00:00,0.0,0.0,0.0,short
2021-02-27 09:00:00,0.0,0.0,0.0,short
2021-02-27 12:00:00,0.0,0.0,0.0,short
2021-02-27 15:00:00,0.0,0.0,0.0,short
2021-02-27 18:00:00,0.0,0.0,0.0,short
2021-02-27 21:00:00,0.0,0.0,0.0,short
2021-02-28 00:00:00,0.0,0.0,0.0,short
2021-02-28 03:00:00,0.0,0.0,0.0,short
2021-02-28 06:00:00,0.0,0.0,0.0,short
2021-02-28 09:00:00,0.0,0.0,0.0,short
2021-02-28 12:00:00,0.4077669902912621,0.4077669902912621,inf,long
2021-02-28 15:00:00,0.4084507042253521,0.0006837139340900023,0.0016767270288398084,short
2021-02-28 18:00:00,0.35443037974683544,-0.05402032447851668,-0.13225665648188567,short
2021-02-28 21:00:00,0.3878048780487805,0.033374498301945055,0.09416376306620222,short
2021-03-01 00:00:00,0.0,-0.3878048780487805,-1.0,short
2021-03-01 03:00:00,0.0,0.0,0.0,short
2021-03-01 06:00:00,0.0,0.0,0.0,short
2021-03-01 09:00:00,0.0,0.0,0.0,short
2021-03-01 12:00:00,0.0,0.0,0.0,short
2021-03-01 15:00:00,0.0,0.0,0.0,short
2021-03-01 18:00:00,0.0,0.0,0.0,short
2021-03-01 21:00:00,0.0,0.0,0.0,short
2021-03-02 00:00:00,0.0,0.0,0.0,short
2021-03-02 03:00:00,0.0,0.0,0.0,short
2021-03-02 06:00:00,0.0,0.0,0.0,short
2021-03-02 09:00:00,0.0,0.0,0.0,short
2021-03-02 12:00:00,0.0,0.0,0.0,short
2021-03-02 15:00:00,0.0,0.0,0.0,short
2021-03-02 18:00:00,0.0,0.0,0.0,short
2021-03-02 21:00:00,0.0,0.0,0.0,short
2021-03-03 00:00:00,0.0,0.0,0.0,short
2021-03-03 03:00:00,0.0,0.0,0.0,short
2021-03-03 06:00:00,0.0,0.0,0.0,short
2021-03-03 09:00:00,0.0,0.0,0.0,short
2021-03-03 12:00:00,0.0,0.0,0.0,short
2021-03-03 15:00:00,0.0,0.0,0.0,short
2021-03-03 18:00:00,0.0,0.0,0.0,short
2021-03-03 21:00:00,0.0,0.0,0.0,short
2021-03-04 00:00:00,0.0,0.0,0.0,short
2021-03-04 03:00:00,0.0,0.0,0.0,short
2021-03-04 06:00:00,0.0,0.0,0.0,short
2021-03-04 09:00:00,0.0,0.0,0.0,short
2021-03-04 12:00:00,0.0,0.0,0.0,short
2021-03-04 15:00:00,0.0,0.0,0.0,short
2021-03-04 18:00:00,0.0,0.0,0.0,short
2021-03-04 21:00:00,0.0,0.0,0.0,short
2021-03-05 00:00:00,0.0,0.0,0.0,short
2021-03-05 03:00:00,0.0,0.0,0.0,short
2021-03-05 06:00:00,0.0,0.0,0.0,short
2021-03-05 09:00:00,0.0,0.0,0.0,short
2021-03-05 12:00:00,0.0,0.0,0.0,short
2021-03-05 15:00:00,0.0,0.0,0.0,short
2021-03-05 18:00:00,0.0,0.0,0.0,short
2021-03-05 21:00:00,0.0,0.0,0.0,short
2021-03-06 00:00:00,0.0,0.0,0.0,short
2021-03-06 03:00:00,0.0,0.0,0.0,short
2021-03-06 06:00:00,0.0,0.0,0.0,short
2021-03-06 09:00:00,0.0,0.0,0.0,short
2021-03-06 12:00:00,0.0,0.0,0.0,short
2021-03-06 15:00:00,0.0,0.0,0.0,short
2021-03-06 18:00:00,0.0,0.0,0.0,short
2021-03-06 21:00:00,0.0,0.0,0.0,short
2021-03-07 00:00:00,0.0,0.0,0.0,short
2021-03-07 03:00:00,0.0,0.0,0.0,short
2021-03-07 06:00:00,0.0,0.0,0.0,short
2021-03-07 09:00:00,0.0,0.0,0.0,short
2021-03-07 12:00:00,0.0,0.0,0.0,short
2021-03-07 15:00:00,0.0,0.0,0.0,short
2021-03-07 18:00:00,0.0,0.0,0.0,short
2021-03-07 21:00:00,0.0,0.0,0.0,short
2021-03-08 00:00:00,0.0,0.0,0.0,short
2021-03-08 03:00:00,0.0,0.0,0.0,short
2021-03-08 06:00:00,0.0,0.0,0.0,short
2021-03-08 09:00:00,0.0,0.0,0.0,short
2021-03-08 12:00:00,0.0,0.0,0.0,short
2021-03-08 15:00:00,0.0,0.0,0.0,short
2021-03-08 18:00:00,0.0,0.0,0.0,short
2021-03-08 21:00:00,0.0,0.0,0.0,short
2021-03-09 00:00:00,0.0,0.0,0.0,short
2021-03-09 03:00:00,0.0,0.0,0.0,short
2021-03-09 06:00:00,0.0,0.0,0.0,short
2021-03-09 09:00:00,0.0,0.0,0.0,short
2021-03-09 12:00:00,0.0,0.0,0.0,short
2021-03-09 15:00:00,0.0,0.0,0.0,short
2021-03-09 18:00:00,0.0,0.0,0.0,short
2021-03-09 21:00:00,0.0,0.0,0.0,short
2021-03-10 00:00:00,0.0,0.0,0.0,short
2021-03-10 03:00:00,0.0,0.0,0.0,short
2021-03-10 06:00:00,0.0,0.0,0.0,short
2021-03-10 09:00:00,0.0,0.0,0.0,short
2021-03-10 12:00:00,0.0,0.0,0.0,short
2021-03-10 15:00:00,0.0,0.0,0.0,short
2021-03-10 18:00:00,0.0,0.0,0.0,short
2021-03-10 21:00:00,0.0,0.0,0.0,short
2021-03-11 00:00:00,0.0,0.0,0.0,short
2021-03-11 03:00:00,0.0,0.0,0.0,short
2021-03-11 06:00:00,0.0,0.0,0.0,short
2021-03-11 09:00:00,0.0,0.0,0.0,short
2021-03-11 12:00:00,0.0,0.0,0.0,short
2021-03-11 15:00:00,0.0,0.0,0.0,short
2021-03-11 18:00:00,0.0,0.0,0.0,short
2021-03-11 21:00:00,0.3317972350230415,0.3317972350230415,inf,long
2021-03-12 00:00:00,0.3602941176470588,0.02849688262401734,0.0858864379084967,short
2021-03-12 03:00:00,0.3838120104438642,0.023517892796805384,0.06527415143603132,short
2021-03-12 06:00:00,0.3770833333333333,-0.0067286771105308785,-0.017531179138321917,short
2021-03-12 09:00:00,0.3794466403162055,0.002363306982872182,0.006267333435241218,short
2021-03-12 12:00:00,0.3371900826446281,-0.04225655767157743,-0.11136363636363633,short
2021-03-12 15:00:00,0.3958664546899841,0.05867637204535603,0.17401571121294324,long
2021-03-12 18:00:00,0.3654223968565815,-0.030444057833402594,-0.07690486898478,short
2021-03-12 21:00:00,0.3548387096774194,-0.010583687179162138,-0.028962885882760858,short
2021-03-13 00:00:00,0.0,-0.3548387096774194,-1.0,short
2021-03-13 03:00:00,0.0,0.0,0.0,short
2021-03-13 06:00:00,0.0,0.0,0.0,short
2021-03-13 09:00:00,0.0,0.0,0.0,short
2021-03-13 12:00:00,0.0,0.0,0.0,short
2021-03-13 15:00:00,0.0,0.0,0.0,short
2021-03-13 18:00:00,0.0,0.0,0.0,short
2021-03-13 21:00:00,0.0,0.0,0.0,short
2021-03-14 00:00:00,0.0,0.0,0.0,short
2021-03-14 03:00:00,0.0,0.0,0.0,short
2021-03-14 06:00:00,0.0,0.0,0.0,short
2021-03-14 09:00:00,0.0,0.0,0.0,short
2021-03-14 12:00:00,0.0,0.0,0.0,short
2021-03-14 15:00:00,0.0,0.0,0.0,short
2021-03-14 18:00:00,0.0,0.0,0.0,short
2021-03-14 21:00:00,0.0,0.0,0.0,short
2021-03-15 00:00:00,0.0,0.0,0.0,short
2021-03-15 03:00:00,0.0,0.0,0.0,short
2021-03-15 06:00:00,0.0,0.0,0.0,short
2021-03-15 09:00:00,0.0,0.0,0.0,short
2021-03-15 12:00:00,0.0,0.0,0.0,short
2021-03-15 15:00:00,0.0,0.0,0.0,short
2021-03-15 18:00:00,0.0,0.0,0.0,short
2021-03-15 21:00:00,0.0,0.0,0.0,short
2021-03-16 00:00:00,0.0,0.0,0.0,short
2021-03-16 03:00:00,0.0,0.0,0.0,short
2021-03-16 06:00:00,0.0,0.0,0.0,short
2021-03-16 09:00:00,0.0,0.0,0.0,short
2021-03-16 12:00:00,0.0,0.0,0.0,short
2021-03-16 15:00:00,0.0,0.0,0.0,short
2021-03-16 18:00:00,0.0,0.0,0.0,short
2021-03-16 21:00:00,0.0,0.0,0.0,short
2021-03-17 00:00:00,0.0,0.0,0.0,short
2021-03-17 03:00:00,0.0,0.0,0.0,short
2021-03-17 06:00:00,0.0,0.0,0.0,short
2021-03-17 09:00:00,0.0,0.0,0.0,short
2021-03-17 12:00:00,0.0,0.0,0.0,short
2021-03-17 15:00:00,0.0,0.0,0.0,short
2021-03-17 18:00:00,0.0,0.0,0.0,short
2021-03-17 21:00:00,0.0,0.0,0.0,short
2021-03-18 00:00:00,0.0,0.0,0.0,short
2021-03-18 03:00:00,0.0,0.0,0.0,short
2021-03-18 06:00:00,0.0,0.0,0.0,short
2021-03-18 09:00:00,0.0,0.0,0.0,short
2021-03-18 12:00:00,0.0,0.0,0.0,short
2021-03-18 15:00:00,0.0,0.0,0.0,short
2021-03-18 18:00:00,0.0,0.0,0.0,short
2021-03-18 21:00:00,0.0,0.0,0.0,short
2021-03-19 00:00:00,0.0,0.0,0.0,short
2021-03-19 03:00:00,0.0,0.0,0.0,short
2021-03-19 06:00:00,0.0,0.0,0.0,short
2021-03-19 09:00:00,0.0,0.0,0.0,short
2021-03-19 12:00:00,0.0,0.0,0.0,short
2021-03-19 15:00:00,0.0,0.0,0.0,short
2021-03-19 18:00:00,0.0,0.0,0.0,short
2021-03-19 21:00:00,0.0,0.0,0.0,short
2021-03-20 00:00:00,0.0,0.0,0.0,short
2021-03-20 03:00:00,0.0,0.0,0.0,short
2021-03-20 06:00:00,0.0,0.0,0.0,short
2021-03-20 09:00:00,0.0,0.0,0.0,short
2021-03-20 12:00:00,0.0,0.0,0.0,short
2021-03-20 15:00:00,0.0,0.0,0.0,short
2021-03-20 18:00:00,0.0,0.0,0.0,short
2021-03-20 21:00:00,0.0,0.0,0.0,short
2021-03-21 00:00:00,0.0,0.0,0.0,short
2021-03-21 03:00:00,0.0,0.0,0.0,short
2021-03-21 06:00:00,0.0,0.0,0.0,short
2021-03-21 09:00:00,0.0,0.0,0.0,short
2021-03-21 12:00:00,0.0,0.0,0.0,short
2021-03-21 15:00:00,0.0,0.0,0.0,short
2021-03-21 18:00:00,0.0,0.0,0.0,short
2021-03-21 21:00:00,0.0,0.0,0.0,short
2021-03-22 00:00:00,0.0,0.0,0.0,short
2021-03-22 03:00:00,0.0,0.0,0.0,short
2021-03-22 06:00:00,0.0,0.0,0.0,short
2021-03-22 09:00:00,0.0,0.0,0.0,short
2021-03-22 12:00:00,0.0,0.0,0.0,short
2021-03-22 15:00:00,0.0,0.0,0.0,short
2021-03-22 18:00:00,0.0,0.0,0.0,short
2021-03-22 21:00:00,0.0,0.0,0.0,short
2021-03-23 00:00:00,0.0,0.0,0.0,short
2021-03-23 03:00:00,0.0,0.0,0.0,short
2021-03-23 06:00:00,0.0,0.0,0.0,short
2021-03-23 09:00:00,0.0,0.0,0.0,short
2021-03-23 12:00:00,0.0,0.0,0.0,short
2021-03-23 15:00:00,0.0,0.0,0.0,short
2021-03-23 18:00:00,0.0,0.0,0.0,short
2021-03-23 21:00:00,0.0,0.0,0.0,short
2021-03-24 00:00:00,0.0,0.0,0.0,short
2021-03-24 03:00:00,0.0,0.0,0.0,short
2021-03-24 06:00:00,0.0,0.0,0.0,short
2021-03-24 09:00:00,0.0,0.0,0.0,short
2021-03-24 12:00:00,0.0,0.0,0.0,short
2021-03-24 15:00:00,0.0,0.0,0.0,short
2021-03-24 18:00:00,0.0,0.0,0.0,short
2021-03-24 21:00:00,0.0,0.0,0.0,short
2021-03-25 00:00:00,0.0,0.0,0.0,short
2021-03-25 03:00:00,0.0,0.0,0.0,short
2021-03-25 06:00:00,0.0,0.0,0.0,short
2021-03-25 09:00:00,0.0,0.0,0.0,short
2021-03-25 12:00:00,0.0,0.0,0.0,short
2021-03-25 15:00:00,0.0,0.0,0.0,short
2021-03-25 18:00:00,0.0,0.0,0.0,short
2021-03-25 21:00:00,0.0,0.0,0.0,short
2021-03-26 00:00:00,0.0,0.0,0.0,short
2021-03-26 03:00:00,0.0,0.0,0.0,short
2021-03-26 06:00:00,0.0,0.0,0.0,short
2021-03-26 09:00:00,0.0,0.0,0.0,short
2021-03-26 12:00:00,0.0,0.0,0.0,short
2021-03-26 15:00:00,0.0,0.0,0.0,short
2021-03-26 18:00:00,0.0,0.0,0.0,short
2021-03-26 21:00:00,0.0,0.0,0.0,short
2021-03-27 00:00:00,0.0,0.0,0.0,short
2021-03-27 03:00:00,0.0,0.0,0.0,short
2021-03-27 06:00:00,0.0,0.0,0.0,short
2021-03-27 09:00:00,0.0,0.0,0.0,short
2021-03-27 12:00:00,0.0,0.0,0.0,short
2021-03-27 15:00:00,0.0,0.0,0.0,short
2021-03-27 18:00:00,0.0,0.0,0.0,short
2021-03-27 21:00:00,0.0,0.0,0.0,short
2021-03-28 00:00:00,0.0,0.0,0.0,short
2021-03-28 03:00:00,0.0,0.0,0.0,short
2021-03-28 06:00:00,0.0,0.0,0.0,short
2021-03-28 09:00:00,0.0,0.0,0.0,short
2021-03-28 12:00:00,0.0,0.0,0.0,short
2021-03-28 15:00:00,0.0,0.0,0.0,short
2021-03-28 18:00:00,0.0,0.0,0.0,short
2021-03-28 21:00:00,0.0,0.0,0.0,short
2021-03-29 00:00:00,0.0,0.0,0.0,short
2021-03-29 03:00:00,0.0,0.0,0.0,short
2021-03-29 06:00:00,0.0,0.0,0.0,short
2021-03-29 09:00:00,0.0,0.0,0.0,short
2021-03-29 12:00:00,0.0,0.0,0.0,short
2021-03-29 15:00:00,0.0,0.0,0.0,short
2021-03-29 18:00:00,0.0,0.0,0.0,short
2021-03-29 21:00:00,0.0,0.0,0.0,short
2021-03-30 00:00:00,0.0,0.0,0.0,short
2021-03-30 03:00:00,0.0,0.0,0.0,short
2021-03-30 06:00:00,0.0,0.0,0.0,short
2021-03-30 09:00:00,0.0,0.0,0.0,short
2021-03-30 12:00:00,0.0,0.0,0.0,short
2021-03-30 15:00:00,0.0,0.0,0.0,short
2021-03-30 18:00:00,0.0,0.0,0.0,short
2021-03-30 21:00:00,0.0,0.0,0.0,short
2021-03-31 00:00:00,0.0,0.0,0.0,short
2021-03-31 03:00:00,0.0,0.0,0.0,short
2021-03-31 06:00:00,0.0,0.0,0.0,short
2021-03-31 09:00:00,0.0,0.0,0.0,short
2021-03-31 12:00:00,0.0,0.0,0.0,short
2021-03-31 15:00:00,0.0,0.0,0.0,short
2021-03-31 18:00:00,0.0,0.0,0.0,short
2021-03-31 21:00:00,0.0,0.0,0.0,short
2021-04-01 00:00:00,0.0,0.0,0.0,short
2021-04-01 03:00:00,0.0,0.0,0.0,short
2021-04-01 06:00:00,0.0,0.0,0.0,short
2021-04-01 09:00:00,0.0,0.0,0.0,short
2021-04-01 12:00:00,0.0,0.0,0.0,short
2021-04-01 15:00:00,0.0,0.0,0.0,short
2021-04-01 18:00:00,0.0,0.0,0.0,short
2021-04-01 21:00:00,0.0,0.0,0.0,short
2021-04-02 00:00:00,0.0,0.0,0.0,short
2021-04-02 03:00:00,0.0,0.0,0.0,short
2021-04-02 06:00:00,0.0,0.0,0.0,short
2021-04-02 09:00:00,0.0,0.0,0.0,short
2021-04-02 12:00:00,0.0,0.0,0.0,short
2021-04-02 15:00:00,0.0,0.0,0.0,short
2021-04-02 18:00:00,0.0,0.0,0.0,short
2021-04-02 21:00:00,0.0,0.0,0.0,short
2021-04-03 00:00:00,0.0,0.0,0.0,short
2021-04-03 03:00:00,0.0,0.0,0.0,short
2021-04-03 06:00:00,0.0,0.0,0.0,short
2021-04-03 09:00:00,0.0,0.0,0.0,short
2021-04-03 12:00:00,0.0,0.0,0.0,short
2021-04-03 15:00:00,0.0,0.0,0.0,short
2021-04-03 18:00:00,0.0,0.0,0.0,short
2021-04-03 21:00:00,0.0,0.0,0.0,short
2021-04-04 00:00:00,0.0,0.0,0.0,short
2021-04-04 03:00:00,0.0,0.0,0.0,short
2021-04-04 06:00:00,0.0,0.0,0.0,short
2021-04-04 09:00:00,0.0,0.0,0.0,short
2021-04-04 12:00:00,0.0,0.0,0.0,short
2021-04-04 15:00:00,0.0,0.0,0.0,short
2021-04-04 18:00:00,0.0,0.0,0.0,short
2021-04-04 21:00:00,0.0,0.0,0.0,short
2021-04-05 00:00:00,0.0,0.0,0.0,short
2021-04-05 03:00:00,0.0,0.0,0.0,short
2021-04-05 06:00:00,0.0,0.0,0.0,short
2021-04-05 09:00:00,0.4418604651162791,0.4418604651162791,inf,long
2021-04-05 12:00:00,0.3905775075987842,-0.0512829575174949,-0.11606143017117265,short
2021-04-05 15:00:00,0.44297520661157025,0.05239769901278607,0.13415442004051847,long
2021-04-05 18:00:00,0.38412017167381973,-0.05885503493775052,-0.13286304528857862,short
2021-04-05 21:00:00,0.4164705882352941,0.03235041656147436,0.08421952021031864,short
2021-04-06 00:00:00,0.4015444015444015,-0.014926186690892573,-0.03583971380581552,short
2021-04-06 03:00:00,0.436046511627907,0.034502110083505455,0.0859235241502685,short
2021-04-06 06:00:00,0.4461538461538462,0.010107334525939204,0.023179487179487257,short
2021-04-06 09:00:00,0.41083916083916083,-0.035314685314685346,-0.07915360501567403,short
2021-04-06 12:00:00,0.4193011647254576,0.008462003886296754,0.020596877544518,short
2021-04-06 15:00:00,0.4148936170212766,-0.004407547704181003,-0.010511651469098382,short
2021-04-06 18:00:00,0.3793969849246231,-0.03549663209665349,-0.0855559850534725,short
2021-04-06 21:00:00,0.4220430107526882,0.04264602582806509,0.11240475681834372,long
2021-04-07 00:00:00,0.47368421052631576,0.05164119977362758,0.12236004022795832,long
2021-04-07 03:00:00,0.4365781710914454,-0.03710603943487034,-0.07833497214028184,short
2021-04-07 06:00:00,0.4067796610169492,-0.029798510074496243,-0.06825469537333939,short
2021-04-07 09:00:00,0.3079136690647482,-0.09886599195220097,-0.24304556354916074,short
2021-04-07 12:00:00,0.4628099173553719,0.1548962482906237,0.5030508998223526,long
2021-04-07 15:00:00,0.47337278106508873,0.010562863709716819,0.02282333051563823,short
2021-04-07 18:00:00,0.3700623700623701,-0.10331041100271865,-0.21824324324324318,short
2021-04-07 21:00:00,0.35079726651480636,-0.019265103547563722,-0.05205907194594461,short
2021-04-08 00:00:00,0.42213883677298314,0.07134157025817678,0.20336980093077672,long
2021-04-08 03:00:00,0.4262734584450402,0.004134621672057082,0.00979445933869516,short
2021-04-08 06:00:00,0.39439655172413796,-0.031876906720902265,-0.07478041639557576,short
2021-04-08 09:00:00,0.4408866995073892,0.04649014778325122,0.11787665886026533,long
2021-04-08 12:00:00,0.4,-0.04088669950738916,-0.09273743016759772,short
2021-04-08 15:00:00,0.4581196581196581,0.05811965811965808,0.14529914529914523,long
2021-04-08 18:00:00,0.38461538461538464,-0.07350427350427347,-0.16044776119402981,short
2021-04-08 21:00:00,0.4375,0.05288461538461536,0.13749999999999996,long
2021-04-09 00:00:00,0.5013054830287206,0.06380548302872058,0.1458411040656471,long
2021-04-09 03:00:00,0.4061624649859944,-0.09514301804272618,-0.18979049953314653,short
2021-04-09 06:00:00,0.4419753086419753,0.03581284365598092,0.08817369093231164,short
2021-04-09 09:00:00,0.40271493212669685,-0.03926037651527847,-0.08882934351222227,short
2021-04-09 12:00:00,0.39285714285714285,-0.009857789269553996,-0.024478330658106007,short
2021-04-09 15:00:00,0.40425531914893614,0.011398176291793294,0.029013539651837394,short
2021-04-09 18:00:00,0.34951456310679613,-0.054740756042140015,-0.1354113438937148,short
2021-04-09 21:00:00,0.38847117794486213,0.038956614838066006,0.11145920356446659,short
2021-04-10 00:00:00,0.5352422907488987,0.1467711128040366,0.3778172516697458,long
2021-04-10 03:00:00,0.35510887772194305,-0.18013341302695568,-0.3365455535565345,short
2021-04-10 06:00:00,0.4189189189189189,0.06381004119697586,0.17969148393676693,long
2021-04-10 09:00:00,0.41634980988593157,-0.002569109032987349,-0.006132711885195596,short
2021-04-10 12:00:00,0.36923076923076925,-0.047119040655162314,-0.11317175974710214,short
2021-04-10 15:00:00,0.37404580152671757,0.004815032295948318,0.013040712468193272,short
2021-04-10 18:00:00,0.40774487471526194,0.03369907318854437,0.090093440565292,short
2021-04-10 21:00:00,0.38858695652173914,-0.019157918193522805,-0.04698506193830454,short
2021-04-11 00:00:00,0.0,-0.38858695652173914,-1.0,short
2021-04-11 03:00:00,0.0,0.0,0.0,short
2021-04-11 06:00:00,0.0,0.0,0.0,short
2021-04-11 09:00:00,0.45375722543352603,0.45375722543352603,inf,long
2021-04-11 12:00:00,0.45879732739420936,0.00504010196068333,0.011107485849658705,short
2021-04-11 15:00:00,0.4017278617710583,-0.05706946562315107,-0.12438927215919826,short
2021-04-11 18:00:00,0.4222737819025522,0.020545920131493922,0.05114387645635321,short
2021-04-11 21:00:00,0.47714285714285715,0.05486907524030493,0.12993720565149136,long
2021-04-12 00:00:00,0.0,-0.47714285714285715,-1.0,short
2021-04-12 03:00:00,0.0,0.0,0.0,short
2021-04-12 06:00:00,0.5,0.5,inf,long
2021-04-12 09:00:00,0.3594306049822064,-0.14056939501779359,-0.28113879003558717,short
2021-04-12 12:00:00,0.39182282793867124,0.03239222295646482,0.0901209371363032,short
2021-04-12 15:00:00,0.4300168634064081,0.038194035467736864,0.09747782095461544,short
2021-04-12 18:00:00,0.4,-0.03001686340640808,-0.06980392156862736,short
2021-04-12 21:00:00,0.0,-0.4,-1.0,short
2021-04-13 00:00:00,0.0,0.0,0.0,short
2021-04-13 03:00:00,0.0,0.0,0.0,short
2021-04-13 06:00:00,0.0,0.0,0.0,short
2021-04-13 09:00:00,0.0,0.0,0.0,short
2021-04-13 12:00:00,0.0,0.0,0.0,short
2021-04-13 15:00:00,0.0,0.0,0.0,short
2021-04-13 18:00:00,0.0,0.0,0.0,short
2021-04-13 21:00:00,0.0,0.0,0.0,short
2021-04-14 00:00:00,0.0,0.0,0.0,short
2021-04-14 03:00:00,0.0,0.0,0.0,short
2021-04-14 06:00:00,0.0,0.0,0.0,short
2021-04-14 09:00:00,0.0,0.0,0.0,short
2021-04-14 12:00:00,0.0,0.0,0.0,short
2021-04-14 15:00:00,0.0,0.0,0.0,short
2021-04-14 18:00:00,0.0,0.0,0.0,short
2021-04-14 21:00:00,0.0,0.0,0.0,short
2021-04-15 00:00:00,0.0,0.0,0.0,short
2021-04-15 03:00:00,0.0,0.0,0.0,short
2021-04-15 06:00:00,0.0,0.0,0.0,short
2021-04-15 09:00:00,0.0,0.0,0.0,short
2021-04-15 12:00:00,0.0,0.0,0.0,short
2021-04-15 15:00:00,0.0,0.0,0.0,short
2021-04-15 18:00:00,0.0,0.0,0.0,short
2021-04-15 21:00:00,0.0,0.0,0.0,short
2021-04-16 00:00:00,0.0,0.0,0.0,short
2021-04-16 03:00:00,0.0,0.0,0.0,short
2021-04-16 06:00:00,0.0,0.0,0.0,short
2021-04-16 09:00:00,0.0,0.0,0.0,short
2021-04-16 12:00:00,0.0,0.0,0.0,short
2021-04-16 15:00:00,0.0,0.0,0.0,short
2021-04-16 18:00:00,0.0,0.0,0.0,short
2021-04-16 21:00:00,0.0,0.0,0.0,short
2021-04-17 00:00:00,0.0,0.0,0.0,short
2021-04-17 03:00:00,0.0,0.0,0.0,short
2021-04-17 06:00:00,0.0,0.0,0.0,short
2021-04-17 09:00:00,0.0,0.0,0.0,short
2021-04-17 12:00:00,0.0,0.0,0.0,short
2021-04-17 15:00:00,0.0,0.0,0.0,short
2021-04-17 18:00:00,0.5,0.5,inf,long
2021-04-17 21:00:00,0.5105740181268882,0.010574018126888185,0.02114803625377637,short
2021-04-18 00:00:00,0.3877005347593583,-0.1228734833675299,-0.24065753251273614,short
2021-04-18 03:00:00,0.3959810874704492,0.008280552711090905,0.02135811526860687,short
2021-04-18 06:00:00,0.40809443507588533,0.012113347605436142,0.030590722609549204,short
2021-04-18 09:00:00,0.3708206686930091,-0.03727376638287622,-0.09133613002084962,short
2021-04-18 12:00:00,0.3963963963963964,0.025575727703387285,0.06897060995421644,short
2021-04-18 15:00:00,0.39814814814814814,0.00175175175175174,0.004419191919191823,short
2021-04-18 18:00:00,0.3494736842105263,-0.048674463937621815,-0.12225214198286405,short
2021-04-18 21:00:00,0.3549107142857143,0.005437030075187976,0.015557766781411297,short
2021-04-19 00:00:00,0.4041095890410959,0.049198874755381594,0.13862324459377962,long
2021-04-19 03:00:00,0.4199134199134199,0.01580383087232401,0.0391077848704966,short
2021-04-19 06:00:00,0.4054621848739496,-0.014451235039470323,-0.03441479684657367,short
2021-04-19 09:00:00,0.39204545454545453,-0.013416730328495052,-0.03308996702779088,short
2021-04-19 12:00:00,0.42657342657342656,0.03452797202797203,0.08807134894091417,short
2021-04-19 15:00:00,0.41264559068219636,-0.0139278358912302,-0.03265050053190033,short
2021-04-19 18:00:00,0.4033898305084746,-0.009255760173721761,-0.022430289775833834,short
2021-04-19 21:00:00,0.39823008849557523,-0.005159742012899371,-0.012790957090800914,short
2021-04-20 00:00:00,0.3416030534351145,-0.05662703506046074,-0.14219677692960142,short
2021-04-20 03:00:00,0.36739659367396593,0.025793540238851442,0.07550734684445892,short
2021-04-20 06:00:00,0.4090909090909091,0.041694315416943184,0.11348585189644811,long
2021-04-20 09:00:00,0.39590443686006827,-0.013186472230840851,-0.032233598786499895,short
2021-04-20 12:00:00,0.4121122599704579,0.016207823110389652,0.040938725615035976,short
2021-04-20 15:00:00,0.4106280193236715,-0.0014842406467864278,-0.003601544508510468,short
2021-04-20 18:00:00,0.38010657193605685,-0.030521447387614642,-0.07432870128513214,short
2021-04-20 21:00:00,0.46601941747572817,0.08591284553967132,0.22602304691044361,long
2021-04-21 00:00:00,0.3663157894736842,-0.09970362800204396,-0.21394736842105266,short
2021-04-21 03:00:00,0.4017467248908297,0.03543093541714548,0.09672238116749488,short
2021-04-21 06:00:00,0.41458333333333336,0.012836608442503672,0.03195199275362337,short
2021-04-21 09:00:00,0.3783783783783784,-0.03620495495495496,-0.08732853456471545,short
2021-04-21 12:00:00,0.3202511773940345,-0.058127200984343874,-0.15362188831576595,short
2021-04-21 15:00:00,0.35488308115543327,0.03463190376139874,0.10813981713730891,short
2021-04-21 18:00:00,0.4142857142857143,0.059402633130281046,0.16738648947951296,long
2021-04-21 21:00:00,0.39759036144578314,-0.016695352839931177,-0.04029912754466147,short
2021-04-22 00:00:00,0.4069767441860465,0.009386382740263377,0.02360817477096555,short
2021-04-22 03:00:00,0.3574561403508772,-0.04952060383516932,-0.1216791979949875,short
2021-04-22 06:00:00,0.43617021276595747,0.07871407241508027,0.22020623939433492,long
2021-04-22 09:00:00,0.3546325878594249,-0.08153762490653255,-0.18693992051741604,short
2021-04-22 12:00:00,0.37339055793991416,0.01875797008048924,0.05289409581255078,short
2021-04-22 15:00:00,0.4318529862174579,0.05846242827754372,0.15657179067434113,long
2021-04-22 18:00:00,0.4661016949152542,0.03424870869779634,0.07930640702007441,short
2021-04-22 21:00:00,0.421259842519685,-0.044841852395569204,-0.09620615604867577,short
2021-04-23 00:00:00,0.41192411924119243,-0.00933572327849258,-0.022161436567636583,short
2021-04-23 03:00:00,0.4289340101522843,0.01700989091109184,0.041293748330216484,short
2021-04-23 06:00:00,0.3981373690337602,-0.030796641118524093,-0.07179808639466567,short
2021-04-23 09:00:00,0.42342342342342343,0.02528605438966325,0.06351087930035293,short
2021-04-23 12:00:00,0.41540256709451573,-0.0080208563289077,-0.018942873457633125,short
2021-04-23 15:00:00,0.46953937592867756,0.05413680883416183,0.13032372239010304,long
2021-04-23 18:00:00,0.4426807760141093,-0.026858599914568237,-0.05720201817248238,short
2021-04-23 21:00:00,0.4121212121212121,-0.030559563892897212,-0.06903295907279972,short
2021-04-24 00:00:00,0.4914004914004914,0.0792792792792793,0.19236883942766303,long
2021-04-24 03:00:00,0.4049586776859504,-0.08644181371454102,-0.17590909090909101,short
2021-04-24 06:00:00,0.421259842519685,0.016301164833734616,0.04025389683432423,short
2021-04-24 09:00:00,0.43951612903225806,0.01825628651257305,0.043337353029846204,short
2021-04-24 12:00:00,0.4092465753424658,-0.030269553689792283,-0.06887017720246313,short
2021-04-24 15:00:00,0.46967340590979784,0.06042683056733206,0.1476538454030205,long
2021-04-24 18:00:00,0.4542056074766355,-0.015467798433162316,-0.032933094014978015,short
2021-04-24 21:00:00,0.46153846153846156,0.007332854061826044,0.01614434947768295,short
2021-04-25 00:00:00,0.0,-0.46153846153846156,-1.0,short
2021-04-25 03:00:00,0.0,0.0,0.0,short
2021-04-25 06:00:00,0.0,0.0,0.0,short
2021-04-25 09:00:00,0.0,0.0,0.0,short
2021-04-25 12:00:00,0.0,0.0,0.0,short
2021-04-25 15:00:00,0.0,0.0,0.0,short
2021-04-25 18:00:00,0.0,0.0,0.0,short
2021-04-25 21:00:00,0.0,0.0,0.0,short
2021-04-26 00:00:00,0.0,0.0,0.0,short
2021-04-26 03:00:00,0.0,0.0,0.0,short
2021-04-26 06:00:00,0.0,0.0,0.0,short
2021-04-26 09:00:00,0.0,0.0,0.0,short
2021-04-26 12:00:00,0.0,0.0,0.0,short
2021-04-26 15:00:00,0.0,0.0,0.0,short
2021-04-26 18:00:00,0.0,0.0,0.0,short
2021-04-26 21:00:00,0.0,0.0,0.0,short
2021-04-27 00:00:00,0.0,0.0,0.0,short
2021-04-27 03:00:00,0.0,0.0,0.0,short
2021-04-27 06:00:00,0.0,0.0,0.0,short
2021-04-27 09:00:00,0.0,0.0,0.0,short
2021-04-27 12:00:00,0.0,0.0,0.0,short
2021-04-27 15:00:00,0.0,0.0,0.0,short
2021-04-27 18:00:00,0.0,0.0,0.0,short
2021-04-27 21:00:00,0.0,0.0,0.0,short
2021-04-28 00:00:00,0.0,0.0,0.0,short
2021-04-28 03:00:00,0.0,0.0,0.0,short
2021-04-28 06:00:00,0.0,0.0,0.0,short
2021-04-28 09:00:00,0.0,0.0,0.0,short
2021-04-28 12:00:00,0.0,0.0,0.0,short
2021-04-28 15:00:00,0.0,0.0,0.0,short
2021-04-28 18:00:00,0.0,0.0,0.0,short
2021-04-28 21:00:00,0.0,0.0,0.0,short
2021-04-29 00:00:00,0.0,0.0,0.0,short
2021-04-29 03:00:00,0.0,0.0,0.0,short
2021-04-29 06:00:00,0.0,0.0,0.0,short
2021-04-29 09:00:00,0.0,0.0,0.0,short
2021-04-29 12:00:00,0.0,0.0,0.0,short
2021-04-29 15:00:00,0.0,0.0,0.0,short
2021-04-29 18:00:00,0.0,0.0,0.0,short
2021-04-29 21:00:00,0.0,0.0,0.0,short
2021-04-30 00:00:00,0.0,0.0,0.0,short
2021-04-30 03:00:00,0.0,0.0,0.0,short
2021-04-30 06:00:00,0.0,0.0,0.0,short
2021-04-30 09:00:00,0.0,0.0,0.0,short
2021-04-30 12:00:00,0.0,0.0,0.0,short
2021-04-30 15:00:00,0.0,0.0,0.0,short
2021-04-30 18:00:00,0.0,0.0,0.0,short
2021-04-30 21:00:00,0.0,0.0,0.0,short
2021-05-01 00:00:00,0.0,0.0,0.0,short
2021-05-01 03:00:00,0.0,0.0,0.0,short
2021-05-01 06:00:00,0.0,0.0,0.0,short
2021-05-01 09:00:00,0.0,0.0,0.0,short
2021-05-01 12:00:00,0.0,0.0,0.0,short
2021-05-01 15:00:00,0.0,0.0,0.0,short
2021-05-01 18:00:00,0.0,0.0,0.0,short
2021-05-01 21:00:00,0.0,0.0,0.0,short
2021-05-02 00:00:00,0.0,0.0,0.0,short
2021-05-02 03:00:00,0.0,0.0,0.0,short
2021-05-02 06:00:00,0.0,0.0,0.0,short
2021-05-02 09:00:00,0.0,0.0,0.0,short
2021-05-02 12:00:00,0.0,0.0,0.0,short
2021-05-02 15:00:00,0.0,0.0,0.0,short
2021-05-02 18:00:00,0.0,0.0,0.0,short
2021-05-02 21:00:00,0.0,0.0,0.0,short
2021-05-03 00:00:00,0.0,0.0,0.0,short
2021-05-03 03:00:00,0.0,0.0,0.0,short
2021-05-03 06:00:00,0.0,0.0,0.0,short
2021-05-03 09:00:00,0.0,0.0,0.0,short
2021-05-03 12:00:00,0.0,0.0,0.0,short
2021-05-03 15:00:00,0.0,0.0,0.0,short
2021-05-03 18:00:00,0.0,0.0,0.0,short
2021-05-03 21:00:00,0.0,0.0,0.0,short
2021-05-04 00:00:00,0.0,0.0,0.0,short
2021-05-04 03:00:00,0.0,0.0,0.0,short
2021-05-04 06:00:00,0.0,0.0,0.0,short
2021-05-04 09:00:00,0.0,0.0,0.0,short
2021-05-04 12:00:00,0.0,0.0,0.0,short
2021-05-04 15:00:00,0.0,0.0,0.0,short
2021-05-04 18:00:00,0.0,0.0,0.0,short
2021-05-04 21:00:00,0.0,0.0,0.0,short
2021-05-05 00:00:00,0.0,0.0,0.0,short
2021-05-05 03:00:00,0.0,0.0,0.0,short
2021-05-05 06:00:00,0.0,0.0,0.0,short
2021-05-05 09:00:00,0.0,0.0,0.0,short
2021-05-05 12:00:00,0.0,0.0,0.0,short
2021-05-05 15:00:00,0.0,0.0,0.0,short
2021-05-05 18:00:00,0.0,0.0,0.0,short
2021-05-05 21:00:00,0.0,0.0,0.0,short
2021-05-06 00:00:00,0.0,0.0,0.0,short
2021-05-06 03:00:00,0.0,0.0,0.0,short
2021-05-06 06:00:00,0.0,0.0,0.0,short
2021-05-06 09:00:00,0.0,0.0,0.0,short
2021-05-06 12:00:00,0.0,0.0,0.0,short
2021-05-06 15:00:00,0.0,0.0,0.0,short
2021-05-06 18:00:00,0.0,0.0,0.0,short
2021-05-06 21:00:00,0.0,0.0,0.0,short
2021-05-07 00:00:00,0.0,0.0,0.0,short
2021-05-07 03:00:00,0.0,0.0,0.0,short
2021-05-07 06:00:00,0.0,0.0,0.0,short
2021-05-07 09:00:00,0.0,0.0,0.0,short
2021-05-07 12:00:00,0.0,0.0,0.0,short
2021-05-07 15:00:00,0.0,0.0,0.0,short
2021-05-07 18:00:00,0.0,0.0,0.0,short
2021-05-07 21:00:00,0.0,0.0,0.0,short
2021-05-08 00:00:00,0.0,0.0,0.0,short
2021-05-08 03:00:00,0.0,0.0,0.0,short
2021-05-08 06:00:00,0.0,0.0,0.0,short
2021-05-08 09:00:00,0.0,0.0,0.0,short
2021-05-08 12:00:00,0.0,0.0,0.0,short
2021-05-08 15:00:00,0.0,0.0,0.0,short
2021-05-08 18:00:00,0.0,0.0,0.0,short
2021-05-08 21:00:00,0.0,0.0,0.0,short
2021-05-09 00:00:00,0.0,0.0,0.0,short
2021-05-09 03:00:00,0.0,0.0,0.0,short
2021-05-09 06:00:00,0.0,0.0,0.0,short
2021-05-09 09:00:00,0.0,0.0,0.0,short
2021-05-09 12:00:00,0.0,0.0,0.0,short
2021-05-09 15:00:00,0.0,0.0,0.0,short
2021-05-09 18:00:00,0.0,0.0,0.0,short
2021-05-09 21:00:00,0.0,0.0,0.0,short
2021-05-10 00:00:00,0.0,0.0,0.0,short
2021-05-10 03:00:00,0.0,0.0,0.0,short
2021-05-10 06:00:00,0.0,0.0,0.0,short
2021-05-10 09:00:00,0.0,0.0,0.0,short
2021-05-10 12:00:00,0.0,0.0,0.0,short
2021-05-10 15:00:00,0.0,0.0,0.0,short
2021-05-10 18:00:00,0.0,0.0,0.0,short
2021-05-10 21:00:00,0.0,0.0,0.0,short
2021-05-11 00:00:00,0.0,0.0,0.0,short
2021-05-11 03:00:00,0.0,0.0,0.0,short
2021-05-11 06:00:00,0.0,0.0,0.0,short
2021-05-11 09:00:00,0.0,0.0,0.0,short
2021-05-11 12:00:00,0.0,0.0,0.0,short
2021-05-11 15:00:00,0.0,0.0,0.0,short
2021-05-11 18:00:00,0.0,0.0,0.0,short
2021-05-11 21:00:00,0.0,0.0,0.0,short
2021-05-12 00:00:00,0.0,0.0,0.0,short
2021-05-12 03:00:00,0.0,0.0,0.0,short
2021-05-12 06:00:00,0.0,0.0,0.0,short
2021-05-12 09:00:00,0.0,0.0,0.0,short
2021-05-12 12:00:00,0.0,0.0,0.0,short
2021-05-12 15:00:00,0.0,0.0,0.0,short
2021-05-12 18:00:00,0.0,0.0,0.0,short
2021-05-12 21:00:00,0.0,0.0,0.0,short
2021-05-13 00:00:00,0.0,0.0,0.0,short
2021-05-13 03:00:00,0.0,0.0,0.0,short
2021-05-13 06:00:00,0.0,0.0,0.0,short
2021-05-13 09:00:00,0.0,0.0,0.0,short
2021-05-13 12:00:00,0.0,0.0,0.0,short
2021-05-13 15:00:00,0.0,0.0,0.0,short
2021-05-13 18:00:00,0.0,0.0,0.0,short
2021-05-13 21:00:00,0.0,0.0,0.0,short
2021-05-14 00:00:00,0.0,0.0,0.0,short
2021-05-14 03:00:00,0.0,0.0,0.0,short
2021-05-14 06:00:00,0.0,0.0,0.0,short
2021-05-14 09:00:00,0.0,0.0,0.0,short
2021-05-14 12:00:00,0.0,0.0,0.0,short
2021-05-14 15:00:00,0.0,0.0,0.0,short
2021-05-14 18:00:00,0.0,0.0,0.0,short
2021-05-14 21:00:00,0.0,0.0,0.0,short
2021-05-15 00:00:00,0.0,0.0,0.0,short
2021-05-15 03:00:00,0.0,0.0,0.0,short
2021-05-15 06:00:00,0.0,0.0,0.0,short
2021-05-15 09:00:00,0.0,0.0,0.0,short
2021-05-15 12:00:00,0.0,0.0,0.0,short
2021-05-15 15:00:00,0.0,0.0,0.0,short
2021-05-15 18:00:00,0.0,0.0,0.0,short
2021-05-15 21:00:00,0.0,0.0,0.0,short
2021-05-16 00:00:00,0.0,0.0,0.0,short
2021-05-16 03:00:00,0.0,0.0,0.0,short
2021-05-16 06:00:00,0.0,0.0,0.0,short
2021-05-16 09:00:00,0.0,0.0,0.0,short
2021-05-16 12:00:00,0.0,0.0,0.0,short
2021-05-16 15:00:00,0.0,0.0,0.0,short
2021-05-16 18:00:00,0.0,0.0,0.0,short
2021-05-16 21:00:00,0.0,0.0,0.0,short
2021-05-17 00:00:00,0.0,0.0,0.0,short
2021-05-17 03:00:00,0.0,0.0,0.0,short
2021-05-17 06:00:00,0.0,0.0,0.0,short
2021-05-17 09:00:00,0.0,0.0,0.0,short
2021-05-17 12:00:00,0.0,0.0,0.0,short
2021-05-17 15:00:00,0.0,0.0,0.0,short
2021-05-17 18:00:00,0.0,0.0,0.0,short
2021-05-17 21:00:00,0.0,0.0,0.0,short
2021-05-18 00:00:00,0.0,0.0,0.0,short
2021-05-18 03:00:00,0.0,0.0,0.0,short
2021-05-18 06:00:00,0.0,0.0,0.0,short
2021-05-18 09:00:00,0.0,0.0,0.0,short
2021-05-18 12:00:00,0.0,0.0,0.0,short
2021-05-18 15:00:00,0.0,0.0,0.0,short
2021-05-18 18:00:00,0.0,0.0,0.0,short
2021-05-18 21:00:00,0.0,0.0,0.0,short
2021-05-19 00:00:00,0.0,0.0,0.0,short
2021-05-19 03:00:00,0.0,0.0,0.0,short
2021-05-19 06:00:00,0.0,0.0,0.0,short
2021-05-19 09:00:00,0.0,0.0,0.0,short
2021-05-19 12:00:00,0.0,0.0,0.0,short
2021-05-19 15:00:00,0.0,0.0,0.0,short
2021-05-19 18:00:00,0.0,0.0,0.0,short
2021-05-19 21:00:00,0.0,0.0,0.0,short
2021-05-20 00:00:00,0.0,0.0,0.0,short
2021-05-20 03:00:00,0.0,0.0,0.0,short
2021-05-20 06:00:00,0.0,0.0,0.0,short
2021-05-20 09:00:00,0.0,0.0,0.0,short
2021-05-20 12:00:00,0.0,0.0,0.0,short
2021-05-20 15:00:00,0.0,0.0,0.0,short
2021-05-20 18:00:00,0.0,0.0,0.0,short
2021-05-20 21:00:00,0.0,0.0,0.0,short
2021-05-21 00:00:00,0.0,0.0,0.0,short
2021-05-21 03:00:00,0.0,0.0,0.0,short
2021-05-21 06:00:00,0.0,0.0,0.0,short
2021-05-21 09:00:00,0.0,0.0,0.0,short
2021-05-21 12:00:00,0.0,0.0,0.0,short
2021-05-21 15:00:00,0.0,0.0,0.0,short
2021-05-21 18:00:00,0.0,0.0,0.0,short
2021-05-21 21:00:00,0.0,0.0,0.0,short
2021-05-22 00:00:00,0.0,0.0,0.0,short
2021-05-22 03:00:00,0.0,0.0,0.0,short
2021-05-22 06:00:00,0.0,0.0,0.0,short
2021-05-22 09:00:00,0.0,0.0,0.0,short
2021-05-22 12:00:00,0.0,0.0,0.0,short
2021-05-22 15:00:00,0.0,0.0,0.0,short
2021-05-22 18:00:00,0.0,0.0,0.0,short
2021-05-22 21:00:00,0.0,0.0,0.0,short
2021-05-23 00:00:00,0.0,0.0,0.0,short
2021-05-23 03:00:00,0.0,0.0,0.0,short
2021-05-23 06:00:00,0.0,0.0,0.0,short
2021-05-23 09:00:00,0.0,0.0,0.0,short
2021-05-23 12:00:00,0.0,0.0,0.0,short
2021-05-23 15:00:00,0.0,0.0,0.0,short
2021-05-23 18:00:00,0.0,0.0,0.0,short
2021-05-23 21:00:00,0.0,0.0,0.0,short
2021-05-24 00:00:00,0.0,0.0,0.0,short
2021-05-24 03:00:00,0.0,0.0,0.0,short
2021-05-24 06:00:00,0.0,0.0,0.0,short
2021-05-24 09:00:00,0.0,0.0,0.0,short
2021-05-24 12:00:00,0.0,0.0,0.0,short
2021-05-24 15:00:00,0.0,0.0,0.0,short
2021-05-24 18:00:00,0.0,0.0,0.0,short
2021-05-24 21:00:00,0.0,0.0,0.0,short
2021-05-25 00:00:00,0.0,0.0,0.0,short
2021-05-25 03:00:00,0.0,0.0,0.0,short
2021-05-25 06:00:00,0.0,0.0,0.0,short
2021-05-25 09:00:00,0.40057636887608067,0.40057636887608067,inf,long
2021-05-25 12:00:00,0.4926900584795322,0.09211368960345151,0.2299528798014221,long
2021-05-25 15:00:00,0.5052316890881914,0.012541630608659204,0.025455416428257882,short
2021-05-25 18:00:00,0.4721254355400697,-0.03310625354812169,-0.0655268746263119,short
2021-05-25 21:00:00,0.387523629489603,-0.08460180605046669,-0.179193493258184,short
2021-05-26 00:00:00,0.3939393939393939,0.006415764449790917,0.016555801921655622,short
2021-05-26 03:00:00,0.4197292069632495,0.02578981302385558,0.06546644844517191,short
2021-05-26 06:00:00,0.4143049932523617,-0.005424213710887804,-0.012923126675248864,short
2021-05-26 09:00:00,0.36084142394822005,-0.053463569304141645,-0.12904398975364484,short
2021-05-26 12:00:00,0.47477744807121663,0.11393602412299658,0.3157509547444479,long
2021-05-26 15:00:00,0.42406876790830944,-0.050708680162907194,-0.10680515759312326,short
2021-05-26 18:00:00,0.47619047619047616,0.05212170828216672,0.12290862290862292,long
2021-05-26 21:00:00,0.38011695906432746,-0.0960735171261487,-0.20175438596491224,short
2021-05-27 00:00:00,0.3764478764478765,-0.0036690826164509915,-0.009652509652509522,short
2021-05-27 03:00:00,0.40208333333333335,0.025635456885456875,0.06809829059829053,short
2021-05-27 06:00:00,0.37365010799136067,-0.02843322534197268,-0.0707147573271859,short
2021-05-27 09:00:00,0.40674603174603174,0.033095923754671075,0.08857463987521808,short
2021-05-27 12:00:00,0.3888130968622101,-0.01793293488382164,-0.044088776494859094,short
2021-05-27 15:00:00,0.5138686131386861,0.12505551627647604,0.32163401203739284,long
2021-05-27 18:00:00,0.4693446088794926,-0.04452400425919356,-0.0866447241975784,short
2021-05-27 21:00:00,0.49335863377609107,0.024014024896598485,0.051165017009419334,short
2021-05-28 00:00:00,0.546594982078853,0.05323634830276197,0.10790598290598297,long
2021-05-28 03:00:00,0.43538767395626243,-0.11120730812259061,-0.203454681745592,short
2021-05-28 06:00:00,0.4264705882352941,-0.008917085720968332,-0.020480795057749135,short
2021-05-28 09:00:00,0.4410112359550562,0.014540647719762101,0.034095311894614566,short
2021-05-28 12:00:00,0.3933774834437086,-0.047633752511347605,-0.1080102923187245,short
2021-05-28 15:00:00,0.44195804195804195,0.04858055851433335,0.12349603258694164,long
2021-05-28 18:00:00,0.4732272069464544,0.03126916498841248,0.07075143343897117,short
2021-05-28 21:00:00,0.4152410575427683,-0.05798614940368613,-0.12253342274601564,short
2021-05-29 00:00:00,0.4369158878504673,0.02167483030769901,0.052198186845881844,short
2021-05-29 03:00:00,0.35462555066079293,-0.08229033718967438,-0.18834365945016385,short
2021-05-29 06:00:00,0.3864406779661017,0.03181512730530878,0.08971470681124338,short
2021-05-29 09:00:00,0.3866231647634584,0.0001824867973567179,0.00047222460719509307,short
2021-05-29 12:00:00,0.42752562225475843,0.040902457491300004,0.10579412000914301,long
2021-05-29 15:00:00,0.4269503546099291,-0.000575267644829347,-0.0013455746623919351,short
2021-05-29 18:00:00,0.3730834752981261,-0.053866879311803006,-0.12616661101269477,short
2021-05-29 21:00:00,0.37193763919821826,-0.0011458360999078154,-0.0030712593180177716,short
2021-05-30 00:00:00,0.0,-0.37193763919821826,-1.0,short
2021-05-30 03:00:00,0.0,0.0,0.0,short
2021-05-30 06:00:00,0.0,0.0,0.0,short
2021-05-30 09:00:00,0.0,0.0,0.0,short
2021-05-30 12:00:00,0.0,0.0,0.0,short
2021-05-30 15:00:00,0.0,0.0,0.0,short
2021-05-30 18:00:00,0.0,0.0,0.0,short
2021-05-30 21:00:00,0.0,0.0,0.0,short
2021-05-31 00:00:00,0.0,0.0,0.0,short
2021-05-31 03:00:00,0.0,0.0,0.0,short
2021-05-31 06:00:00,0.0,0.0,0.0,short
2021-05-31 09:00:00,0.0,0.0,0.0,short
2021-05-31 12:00:00,0.0,0.0,0.0,short
2021-05-31 15:00:00,0.0,0.0,0.0,short
2021-05-31 18:00:00,0.0,0.0,0.0,short
2021-05-31 21:00:00,0.0,0.0,0.0,short
2021-06-01 00:00:00,0.0,0.0,0.0,short
2021-06-01 03:00:00,0.0,0.0,0.0,short
2021-06-01 06:00:00,0.0,0.0,0.0,short
2021-06-01 09:00:00,0.0,0.0,0.0,short
2021-06-01 12:00:00,0.0,0.0,0.0,short
2021-06-01 15:00:00,0.0,0.0,0.0,short
2021-06-01 18:00:00,0.0,0.0,0.0,short
2021-06-01 21:00:00,0.0,0.0,0.0,short
2021-06-02 00:00:00,0.0,0.0,0.0,short
2021-06-02 03:00:00,0.0,0.0,0.0,short
2021-06-02 06:00:00,0.0,0.0,0.0,short
2021-06-02 09:00:00,0.0,0.0,0.0,short
2021-06-02 12:00:00,0.0,0.0,0.0,short
2021-06-02 15:00:00,0.0,0.0,0.0,short
2021-06-02 18:00:00,0.0,0.0,0.0,short
2021-06-02 21:00:00,0.0,0.0,0.0,short
2021-06-03 00:00:00,0.0,0.0,0.0,short
2021-06-03 03:00:00,0.0,0.0,0.0,short
2021-06-03 06:00:00,0.0,0.0,0.0,short
2021-06-03 09:00:00,0.0,0.0,0.0,short
2021-06-03 12:00:00,0.0,0.0,0.0,short
2021-06-03 15:00:00,0.0,0.0,0.0,short
2021-06-03 18:00:00,0.0,0.0,0.0,short
2021-06-03 21:00:00,0.0,0.0,0.0,short
2021-06-04 00:00:00,0.0,0.0,0.0,short
2021-06-04 03:00:00,0.0,0.0,0.0,short
2021-06-04 06:00:00,0.0,0.0,0.0,short
2021-06-04 09:00:00,0.0,0.0,0.0,short
2021-06-04 12:00:00,0.0,0.0,0.0,short
2021-06-04 15:00:00,0.0,0.0,0.0,short
2021-06-04 18:00:00,0.0,0.0,0.0,short
2021-06-04 21:00:00,0.0,0.0,0.0,short
2021-06-05 00:00:00,0.0,0.0,0.0,short
2021-06-05 03:00:00,0.0,0.0,0.0,short
2021-06-05 06:00:00,0.0,0.0,0.0,short
2021-06-05 09:00:00,0.0,0.0,0.0,short
2021-06-05 12:00:00,0.0,0.0,0.0,short
2021-06-05 15:00:00,0.0,0.0,0.0,short
2021-06-05 18:00:00,0.0,0.0,0.0,short
2021-06-05 21:00:00,0.0,0.0,0.0,short
2021-06-06 00:00:00,0.0,0.0,0.0,short
2021-06-06 03:00:00,0.0,0.0,0.0,short
2021-06-06 06:00:00,0.0,0.0,0.0,short
2021-06-06 09:00:00,0.0,0.0,0.0,short
2021-06-06 12:00:00,0.0,0.0,0.0,short
2021-06-06 15:00:00,0.0,0.0,0.0,short
2021-06-06 18:00:00,0.0,0.0,0.0,short
2021-06-06 21:00:00,0.0,0.0,0.0,short
2021-06-07 00:00:00,0.0,0.0,0.0,short
2021-06-07 03:00:00,0.0,0.0,0.0,short
2021-06-07 06:00:00,0.0,0.0,0.0,short
2021-06-07 09:00:00,0.0,0.0,0.0,short
2021-06-07 12:00:00,0.0,0.0,0.0,short
2021-06-07 15:00:00,0.0,0.0,0.0,short
2021-06-07 18:00:00,0.0,0.0,0.0,short
2021-06-07 21:00:00,0.0,0.0,0.0,short
2021-06-08 00:00:00,0.0,0.0,0.0,short
2021-06-08 03:00:00,0.0,0.0,0.0,short
2021-06-08 06:00:00,0.0,0.0,0.0,short
2021-06-08 09:00:00,0.0,0.0,0.0,short
2021-06-08 12:00:00,0.0,0.0,0.0,short
2021-06-08 15:00:00,0.0,0.0,0.0,short
2021-06-08 18:00:00,0.0,0.0,0.0,short
2021-06-08 21:00:00,0.0,0.0,0.0,short
2021-06-09 00:00:00,0.0,0.0,0.0,short
2021-06-09 03:00:00,0.0,0.0,0.0,short
2021-06-09 06:00:00,0.0,0.0,0.0,short
2021-06-09 09:00:00,0.0,0.0,0.0,short
2021-06-09 12:00:00,0.0,0.0,0.0,short
2021-06-09 15:00:00,0.0,0.0,0.0,short
2021-06-09 18:00:00,0.0,0.0,0.0,short
2021-06-09 21:00:00,0.0,0.0,0.0,short
2021-06-10 00:00:00,0.0,0.0,0.0,short
2021-06-10 03:00:00,0.0,0.0,0.0,short
2021-06-10 06:00:00,0.0,0.0,0.0,short
2021-06-10 09:00:00,0.0,0.0,0.0,short
2021-06-10 12:00:00,0.0,0.0,0.0,short
2021-06-10 15:00:00,0.0,0.0,0.0,short
2021-06-10 18:00:00,0.0,0.0,0.0,short
2021-06-10 21:00:00,0.0,0.0,0.0,short
2021-06-11 00:00:00,0.0,0.0,0.0,short
2021-06-11 03:00:00,0.0,0.0,0.0,short
2021-06-11 06:00:00,0.0,0.0,0.0,short
2021-06-11 09:00:00,0.0,0.0,0.0,short
2021-06-11 12:00:00,0.0,0.0,0.0,short
2021-06-11 15:00:00,0.0,0.0,0.0,short
2021-06-11 18:00:00,0.0,0.0,0.0,short
2021-06-11 21:00:00,0.0,0.0,0.0,short
2021-06-12 00:00:00,0.0,0.0,0.0,short
2021-06-12 03:00:00,0.0,0.0,0.0,short
2021-06-12 06:00:00,0.0,0.0,0.0,short
2021-06-12 09:00:00,0.0,0.0,0.0,short
2021-06-12 12:00:00,0.0,0.0,0.0,short
2021-06-12 15:00:00,0.0,0.0,0.0,short
2021-06-12 18:00:00,0.0,0.0,0.0,short
2021-06-12 21:00:00,0.0,0.0,0.0,short
2021-06-13 00:00:00,0.0,0.0,0.0,short
2021-06-13 03:00:00,0.0,0.0,0.0,short
2021-06-13 06:00:00,0.0,0.0,0.0,short
2021-06-13 09:00:00,0.0,0.0,0.0,short
2021-06-13 12:00:00,0.0,0.0,0.0,short
2021-06-13 15:00:00,0.0,0.0,0.0,short
2021-06-13 18:00:00,0.0,0.0,0.0,short
2021-06-13 21:00:00,0.0,0.0,0.0,short
2021-06-14 00:00:00,0.0,0.0,0.0,short
2021-06-14 03:00:00,0.0,0.0,0.0,short
2021-06-14 06:00:00,0.0,0.0,0.0,short
2021-06-14 09:00:00,0.0,0.0,0.0,short
2021-06-14 12:00:00,0.0,0.0,0.0,short
2021-06-14 15:00:00,0.0,0.0,0.0,short
2021-06-14 18:00:00,0.0,0.0,0.0,short
2021-06-14 21:00:00,0.0,0.0,0.0,short
2021-06-15 00:00:00,0.0,0.0,0.0,short
2021-06-15 03:00:00,0.0,0.0,0.0,short
2021-06-15 06:00:00,0.0,0.0,0.0,short
2021-06-15 09:00:00,0.0,0.0,0.0,short
2021-06-15 12:00:00,0.0,0.0,0.0,short
2021-06-15 15:00:00,0.0,0.0,0.0,short
2021-06-15 18:00:00,0.0,0.0,0.0,short
2021-06-15 21:00:00,0.0,0.0,0.0,short
2021-06-16 00:00:00,0.0,0.0,0.0,short
2021-06-16 03:00:00,0.0,0.0,0.0,short
2021-06-16 06:00:00,0.0,0.0,0.0,short
2021-06-16 09:00:00,0.0,0.0,0.0,short
2021-06-16 12:00:00,0.0,0.0,0.0,short
2021-06-16 15:00:00,0.0,0.0,0.0,short
2021-06-16 18:00:00,0.0,0.0,0.0,short
2021-06-16 21:00:00,0.0,0.0,0.0,short
2021-06-17 00:00:00,0.0,0.0,0.0,short
2021-06-17 03:00:00,0.0,0.0,0.0,short
2021-06-17 06:00:00,0.0,0.0,0.0,short
2021-06-17 09:00:00,0.0,0.0,0.0,short
2021-06-17 12:00:00,0.0,0.0,0.0,short
2021-06-17 15:00:00,0.0,0.0,0.0,short
2021-06-17 18:00:00,0.0,0.0,0.0,short
2021-06-17 21:00:00,0.0,0.0,0.0,short
2021-06-18 00:00:00,0.0,0.0,0.0,short
2021-06-18 03:00:00,0.0,0.0,0.0,short
2021-06-18 06:00:00,0.0,0.0,0.0,short
2021-06-18 09:00:00,0.0,0.0,0.0,short
2021-06-18 12:00:00,0.0,0.0,0.0,short
2021-06-18 15:00:00,0.0,0.0,0.0,short
2021-06-18 18:00:00,0.0,0.0,0.0,short
2021-06-18 21:00:00,0.0,0.0,0.0,short
2021-06-19 00:00:00,0.0,0.0,0.0,short
2021-06-19 03:00:00,0.0,0.0,0.0,short
2021-06-19 06:00:00,0.0,0.0,0.0,short
2021-06-19 09:00:00,0.0,0.0,0.0,short
2021-06-19 12:00:00,0.0,0.0,0.0,short
2021-06-19 15:00:00,0.0,0.0,0.0,short
2021-06-19 18:00:00,0.0,0.0,0.0,short
2021-06-19 21:00:00,0.0,0.0,0.0,short
2021-06-20 00:00:00,0.0,0.0,0.0,short
2021-06-20 03:00:00,0.0,0.0,0.0,short
2021-06-20 06:00:00,0.0,0.0,0.0,short
2021-06-20 09:00:00,0.0,0.0,0.0,short
2021-06-20 12:00:00,0.0,0.0,0.0,short
2021-06-20 15:00:00,0.5770944741532977,0.5770944741532977,inf,long
2021-06-20 18:00:00,0.5099654530959341,-0.06712902105736362,-0.11632241177816527,short
2021-06-20 21:00:00,0.4858441104508913,-0.024121342645042787,-0.04729995433730905,short
2021-06-21 00:00:00,0.5091813312930374,0.023337220842146122,0.0480343804527914,short
2021-06-21 03:00:00,0.49504273504273505,-0.014138596250302393,-0.02776731074251726,short
2021-06-21 06:00:00,0.4574198015231941,-0.037622933519540935,-0.07599936501702853,short
2021-06-21 09:00:00,0.5084164079097891,0.050996606386595034,0.11148753555656721,long
2021-06-21 12:00:00,0.5323723430246763,0.02395593511488714,0.04711872933718886,short
2021-06-21 15:00:00,0.5108534046981862,-0.0215189383264901,-0.040420841932227614,short
2021-06-21 18:00:00,0.48923357664233574,-0.021619828055850443,-0.042321002183832945,short
2021-06-21 21:00:00,0.41488963711185933,-0.07434393953047641,-0.15196001067773623,short
2021-06-22 00:00:00,0.4777386622489128,0.06284902513705348,0.15148371883800182,long
2021-06-22 03:00:00,0.5036086607858862,0.02586999853697336,0.05415094188775216,short
2021-06-22 06:00:00,0.48910351659237244,-0.01450514419351373,-0.028802412116738285,short
2021-06-22 09:00:00,0.46839080459770116,-0.020712711994671285,-0.042348319511130494,short
2021-06-22 12:00:00,0.42152889056461496,-0.046861914033086205,-0.10004874897861349,short
2021-06-22 15:00:00,0.4554019331946654,0.03387304263005042,0.0803575825720495,short
2021-06-22 18:00:00,0.4676650782845473,0.01226314508988191,0.026928179693606946,short
2021-06-22 21:00:00,0.4543490005402485,-0.013316077744298771,-0.028473534507095888,short
2021-06-23 00:00:00,0.460066343454963,0.005717342914714485,0.012583593026321616,short
2021-06-23 03:00:00,0.499697519661222,0.039631176206259,0.08614230701737613,short
2021-06-23 06:00:00,0.4666841552990556,-0.0330133643621664,-0.06606669647779784,short
2021-06-23 09:00:00,0.49625,0.02956584470094442,0.06335300730747617,short
2021-06-23 12:00:00,0.46153846153846156,-0.03471153846153846,-0.0699476845572563,short
2021-06-23 15:00:00,0.4681176670634246,0.00657920552496305,0.014254945304086553,short
2021-06-23 18:00:00,0.49878048780487805,0.030662820741453434,0.06550237877969045,short
2021-06-23 21:00:00,0.0,-0.49878048780487805,-1.0,short
2021-06-24 00:00:00,0.0,0.0,0.0,short
2021-06-24 03:00:00,0.0,0.0,0.0,short
2021-06-24 06:00:00,0.0,0.0,0.0,short
2021-06-24 09:00:00,0.0,0.0,0.0,short
2021-06-24 12:00:00,0.0,0.0,0.0,short
2021-06-24 15:00:00,0.0,0.0,0.0,short
2021-06-24 18:00:00,0.0,0.0,0.0,short
2021-06-24 21:00:00,0.0,0.0,0.0,short
2021-06-25 00:00:00,0.0,0.0,0.0,short
2021-06-25 03:00:00,0.0,0.0,0.0,short
2021-06-25 06:00:00,0.0,0.0,0.0,short
2021-06-25 09:00:00,0.0,0.0,0.0,short
2021-06-25 12:00:00,0.0,0.0,0.0,short
2021-06-25 15:00:00,0.0,0.0,0.0,short
2021-06-25 18:00:00,0.0,0.0,0.0,short
2021-06-25 21:00:00,0.0,0.0,0.0,short
2021-06-26 00:00:00,0.0,0.0,0.0,short
2021-06-26 03:00:00,0.0,0.0,0.0,short
2021-06-26 06:00:00,0.0,0.0,0.0,short
2021-06-26 09:00:00,0.0,0.0,0.0,short
2021-06-26 12:00:00,0.0,0.0,0.0,short
2021-06-26 15:00:00,0.0,0.0,0.0,short
2021-06-26 18:00:00,0.0,0.0,0.0,short
2021-06-26 21:00:00,0.0,0.0,0.0,short
2021-06-27 00:00:00,0.0,0.0,0.0,short
2021-06-27 03:00:00,0.0,0.0,0.0,short
2021-06-27 06:00:00,0.0,0.0,0.0,short
2021-06-27 09:00:00,0.0,0.0,0.0,short
2021-06-27 12:00:00,0.0,0.0,0.0,short
2021-06-27 15:00:00,0.0,0.0,0.0,short
2021-06-27 18:00:00,0.0,0.0,0.0,short
2021-06-27 21:00:00,0.0,0.0,0.0,short
2021-06-28 00:00:00,0.0,0.0,0.0,short
2021-06-28 03:00:00,0.0,0.0,0.0,short
2021-06-28 06:00:00,0.0,0.0,0.0,short
2021-06-28 09:00:00,0.0,0.0,0.0,short
2021-06-28 12:00:00,0.0,0.0,0.0,short
2021-06-28 15:00:00,0.0,0.0,0.0,short
2021-06-28 18:00:00,0.0,0.0,0.0,short
2021-06-28 21:00:00,0.0,0.0,0.0,short
2021-06-29 00:00:00,0.0,0.0,0.0,short
2021-06-29 03:00:00,0.0,0.0,0.0,short
2021-06-29 06:00:00,0.0,0.0,0.0,short
2021-06-29 09:00:00,0.0,0.0,0.0,short
2021-06-29 12:00:00,0.0,0.0,0.0,short
2021-06-29 15:00:00,0.0,0.0,0.0,short
2021-06-29 18:00:00,0.0,0.0,0.0,short
2021-06-29 21:00:00,0.0,0.0,0.0,short
2021-06-30 00:00:00,0.0,0.0,0.0,short
2021-06-30 03:00:00,0.0,0.0,0.0,short
2021-06-30 06:00:00,0.0,0.0,0.0,short
2021-06-30 09:00:00,0.0,0.0,0.0,short
2021-06-30 12:00:00,0.0,0.0,0.0,short
2021-06-30 15:00:00,0.0,0.0,0.0,short
2021-06-30 18:00:00,0.0,0.0,0.0,short
2021-06-30 21:00:00,0.0,0.0,0.0,short
2021-07-01 00:00:00,0.0,0.0,0.0,short
2021-07-01 03:00:00,0.0,0.0,0.0,short
2021-07-01 06:00:00,0.0,0.0,0.0,short
2021-07-01 09:00:00,0.0,0.0,0.0,short
2021-07-01 12:00:00,0.0,0.0,0.0,short
2021-07-01 15:00:00,0.0,0.0,0.0,short
2021-07-01 18:00:00,0.0,0.0,0.0,short
2021-07-01 21:00:00,0.0,0.0,0.0,short
2021-07-02 00:00:00,0.0,0.0,0.0,short
2021-07-02 03:00:00,0.0,0.0,0.0,short
2021-07-02 06:00:00,0.0,0.0,0.0,short
2021-07-02 09:00:00,0.0,0.0,0.0,short
2021-07-02 12:00:00,0.0,0.0,0.0,short
2021-07-02 15:00:00,0.0,0.0,0.0,short
2021-07-02 18:00:00,0.0,0.0,0.0,short
2021-07-02 21:00:00,0.0,0.0,0.0,short
2021-07-03 00:00:00,0.0,0.0,0.0,short
2021-07-03 03:00:00,0.0,0.0,0.0,short
2021-07-03 06:00:00,0.0,0.0,0.0,short
2021-07-03 09:00:00,0.0,0.0,0.0,short
2021-07-03 12:00:00,0.0,0.0,0.0,short
2021-07-03 15:00:00,0.0,0.0,0.0,short
2021-07-03 18:00:00,0.0,0.0,0.0,short
2021-07-03 21:00:00,0.0,0.0,0.0,short
2021-07-04 00:00:00,0.0,0.0,0.0,short
2021-07-04 03:00:00,0.0,0.0,0.0,short
2021-07-04 06:00:00,0.0,0.0,0.0,short
2021-07-04 09:00:00,0.0,0.0,0.0,short
2021-07-04 12:00:00,0.0,0.0,0.0,short
2021-07-04 15:00:00,0.0,0.0,0.0,short
2021-07-04 18:00:00,0.5202821869488536,0.5202821869488536,inf,long
2021-07-04 21:00:00,0.5539078156312626,0.033625628682408926,0.06462959817940961,short
2021-07-05 00:00:00,0.0,-0.5539078156312626,-1.0,short
