timeOpen;timeClose;timeHigh;timeLow;name;open;high;low;close;volume;marketCap;timestamp
"2024-11-20T00:00:00.000Z";"2024-11-20T23:59:59.999Z";"2024-11-20T15:40:00.000Z";"2024-11-20T03:06:00.000Z";"2781";92341.8941573535;94902.0235761485;91619.4963973839;94339.4950270085;71730956426.31;1866427425875.83;"2024-11-20T23:59:59.999Z"
"2024-11-19T00:00:00.000Z";"2024-11-19T23:59:59.999Z";"2024-11-19T19:15:00.000Z";"2024-11-19T00:03:00.000Z";"2781";90536.8115264555;94002.8701076919;90426.9853808707;92343.7920549007;74521048294.81;1826956673335;"2024-11-19T23:59:59.999Z"
"2024-11-18T00:00:00.000Z";"2024-11-18T23:59:59.999Z";"2024-11-18T16:03:00.000Z";"2024-11-18T14:00:00.000Z";"2781";89843.7154789328;92596.7889194348;89393.5905739655;90542.6439962666;75535775084.26;1791255587562.26;"2024-11-18T23:59:59.999Z"
"2024-11-17T00:00:00.000Z";"2024-11-17T23:59:59.999Z";"2024-11-17T09:11:00.000Z";"2024-11-17T22:06:00.000Z";"2781";90558.4631117088;91433.04050285;88741.6658321694;89845.8512088281;46350159305.48;1777526304284.46;"2024-11-17T23:59:59.999Z"
"2024-11-16T00:00:00.000Z";"2024-11-16T23:59:59.999Z";"2024-11-16T05:26:00.000Z";"2024-11-16T15:51:00.000Z";"2781";91064.3662256104;91763.9478843873;90094.2253690597;90558.4752358199;44333192813.6;1791535825197.71;"2024-11-16T23:59:59.999Z"
"2024-11-15T00:00:00.000Z";"2024-11-15T23:59:59.999Z";"2024-11-15T22:03:00.000Z";"2024-11-15T04:52:00.000Z";"2781";87284.1830981024;91868.744436111;87124.9008601843;91066.0069552759;78243109518.27;1801436194834.93;"2024-11-15T23:59:59.999Z"
"2024-11-14T00:00:00.000Z";"2024-11-14T23:59:59.999Z";"2024-11-14T14:34:00.000Z";"2024-11-14T23:42:00.000Z";"2781";90574.8820553752;91765.221369439;86682.8158227338;87250.4312745932;87616705247.88;1727562262252.15;"2024-11-14T23:59:59.999Z"
"2024-11-13T00:00:00.000Z";"2024-11-13T23:59:59.999Z";"2024-11-13T16:16:00.000Z";"2024-11-13T06:36:00.000Z";"2781";87929.9667732448;93434.3553403447;86256.9319678433;90584.1666733787;123559027868.7;1791737553113.66;"2024-11-13T23:59:59.999Z"
"2024-11-12T00:00:00.000Z";"2024-11-12T23:59:59.999Z";"2024-11-12T07:16:00.000Z";"2024-11-12T13:51:00.000Z";"2781";88705.5644865659;89956.882361506;85155.1115052484;87955.8098216397;133673285374.5;1739381625716.84;"2024-11-12T23:59:59.999Z"
"2024-11-11T00:00:00.000Z";"2024-11-11T23:59:59.999Z";"2024-11-11T23:25:00.000Z";"2024-11-11T00:13:00.000Z";"2781";80471.4131920498;89604.4978355824;80283.2476219227;88701.488084206;117966845037.02;1754682553469.65;"2024-11-11T23:59:59.999Z"
"2024-11-10T00:00:00.000Z";"2024-11-10T23:59:59.999Z";"2024-11-10T22:23:00.000Z";"2024-11-10T00:05:00.000Z";"2781";76775.5438015685;81474.4238878783;76565.429933246;80474.185602194;82570594494.54;1591750610705.99;"2024-11-10T23:59:59.999Z"
"2024-11-09T00:00:00.000Z";"2024-11-09T23:59:59.999Z";"2024-11-09T23:46:00.000Z";"2024-11-09T17:18:00.000Z";"2781";76556.1911313233;76932.7639895921;75773.788516772;76778.8677516165;29009480361.15;1518690764416.78;"2024-11-09T23:59:59.999Z"
"2024-11-08T00:00:00.000Z";"2024-11-08T23:59:59.999Z";"2024-11-08T19:49:00.000Z";"2024-11-08T03:05:00.000Z";"2781";75902.832566501;77252.7476648638;75648.741198608;76545.4766431325;55176858002.62;1514255354916.4;"2024-11-08T23:59:59.999Z"
"2024-11-07T00:00:00.000Z";"2024-11-07T23:59:59.999Z";"2024-11-07T20:23:00.000Z";"2024-11-07T06:15:00.000Z";"2781";75637.0849735144;76943.1180221876;74480.4193106694;75904.8584618969;63467654989.4;1501297989024.83;"2024-11-07T23:59:59.999Z"
"2024-11-06T00:00:00.000Z";"2024-11-06T23:59:59.999Z";"2024-11-06T20:58:00.000Z";"2024-11-06T00:04:00.000Z";"2781";69358.5019894605;76460.1533724237;69322.0318962876;75639.0779464884;118592653963;1496003893299.42;"2024-11-06T23:59:59.999Z"
"2024-11-05T00:00:00.000Z";"2024-11-05T23:59:59.999Z";"2024-11-05T16:36:00.000Z";"2024-11-05T01:36:00.000Z";"2781";67811.1743325914;70522.7868214104;67458.8696770123;69359.5661661779;46046889204.13;1371788058010.5;"2024-11-05T23:59:59.999Z"
"2024-11-04T00:00:00.000Z";"2024-11-04T23:59:59.999Z";"2024-11-04T03:02:00.000Z";"2024-11-04T21:55:00.000Z";"2781";68742.1346678016;69433.1764178494;66803.649995796;67811.5091418451;41184819348.33;1341156657449.22;"2024-11-04T23:59:59.999Z"
"2024-11-03T00:00:00.000Z";"2024-11-03T23:59:59.999Z";"2024-11-03T00:03:00.000Z";"2024-11-03T15:40:00.000Z";"2781";69296.3820562098;69361.6580037475;67482.5254366951;68741.1154919735;34868307655.18;1359535744745.29;"2024-11-03T23:59:59.999Z"
"2024-11-02T00:00:00.000Z";"2024-11-02T23:59:59.999Z";"2024-11-02T02:30:00.000Z";"2024-11-02T14:53:00.000Z";"2781";69486.0239046236;69867.3518537627;69033.7222580968;69289.276665623;18184612091.32;1370468034065.75;"2024-11-02T23:59:59.999Z"
"2024-11-01T00:00:00.000Z";"2024-11-01T23:59:59.999Z";"2024-11-01T14:31:00.000Z";"2024-11-01T02:12:00.000Z";"2781";70216.8969678825;71559.0165698806;68779.7003414485;69482.4698507967;49989795365.09;1374187711280.88;"2024-11-01T23:59:59.999Z"
"2024-10-31T00:00:00.000Z";"2024-10-31T23:59:59.999Z";"2024-10-31T10:55:00.000Z";"2024-10-31T20:57:00.000Z";"2781";72335.0440826332;72662.3097987825;69590.5028708254;70215.1856325839;40627912076.23;1388607599014.43;"2024-10-31T23:59:59.999Z"
"2024-10-30T00:00:00.000Z";"2024-10-30T23:59:59.999Z";"2024-10-30T21:05:00.000Z";"2024-10-30T13:46:00.000Z";"2781";72715.366485431;72905.2985200754;71411.7350339885;72339.5421808449;40646637831.37;1430461157910.81;"2024-10-30T23:59:59.999Z"
"2024-10-29T00:00:00.000Z";"2024-10-29T23:59:59.999Z";"2024-10-29T19:12:00.000Z";"2024-10-29T00:11:00.000Z";"2781";69910.0453659464;73577.2096582116;69729.9178301829;72720.4935748749;58541874401.85;1437942445619.61;"2024-10-29T23:59:59.999Z"
"2024-10-28T00:00:00.000Z";"2024-10-28T23:59:59.999Z";"2024-10-28T22:10:00.000Z";"2024-10-28T05:34:00.000Z";"2781";67922.6742726804;70212.2690406726;67535.1310128429;69907.7546738921;38799856657.22;1382358128595.11;"2024-10-28T23:59:59.999Z"
"2024-10-27T00:00:00.000Z";"2024-10-27T23:59:59.999Z";"2024-10-27T22:30:00.000Z";"2024-10-27T01:25:00.000Z";"2781";67023.4794186223;68221.3147408775;66847.223099558;67929.298795622;16721307878.1;1343230761707.59;"2024-10-27T23:59:59.999Z"
"2024-10-26T00:00:00.000Z";"2024-10-26T23:59:59.999Z";"2024-10-26T20:31:00.000Z";"2024-10-26T02:13:00.000Z";"2781";66628.7370038706;67317.9181596119;66360.5955044004;67014.6977283094;19588098156.32;1325286022321.48;"2024-10-26T23:59:59.999Z"
"2024-10-25T00:00:00.000Z";"2024-10-25T23:59:59.999Z";"2024-10-25T14:32:00.000Z";"2024-10-25T23:25:00.000Z";"2781";68165.2973724389;68722.1594927425;65521.7934506881;66642.4107304263;41469984305.66;1317385748797.48;"2024-10-25T23:59:59.999Z"
"2024-10-24T00:00:00.000Z";"2024-10-24T23:59:59.999Z";"2024-10-24T21:24:00.000Z";"2024-10-24T00:24:00.000Z";"2781";66653.7041571813;68798.9619867211;66454.0995567515;68161.053337619;31414428647.2;1347797865139.47;"2024-10-24T23:59:59.999Z"
"2024-10-23T00:00:00.000Z";"2024-10-23T23:59:59.999Z";"2024-10-23T00:01:00.000Z";"2024-10-23T18:21:00.000Z";"2781";67362.3744214737;67402.744623551;65188.0352924195;66432.1982471759;32263980353.23;1313495275869.46;"2024-10-23T23:59:59.999Z"
"2024-10-22T00:00:00.000Z";"2024-10-22T23:59:59.999Z";"2024-10-22T22:57:00.000Z";"2024-10-22T00:34:00.000Z";"2781";67360.7027255461;67801.5769977652;66581.3679788567;67361.4026645272;31808472565.82;1331842439476.36;"2024-10-22T23:59:59.999Z"
"2024-10-21T00:00:00.000Z";"2024-10-21T23:59:59.999Z";"2024-10-21T00:32:00.000Z";"2024-10-21T15:13:00.000Z";"2781";69002.0001468977;69462.7367822244;66829.8534677336;67367.8525561409;37498611780.2;1331798086167.27;"2024-10-21T23:59:59.999Z"
"2024-10-20T00:00:00.000Z";"2024-10-20T23:59:59.999Z";"2024-10-20T22:53:00.000Z";"2024-10-20T03:09:00.000Z";"2781";68364.1784603044;69359.0070607416;68105.7205055133;69001.7066212849;18975847518.28;1364212669154.26;"2024-10-20T23:59:59.999Z"
"2024-10-19T00:00:00.000Z";"2024-10-19T23:59:59.999Z";"2024-10-19T03:18:00.000Z";"2024-10-19T17:03:00.000Z";"2781";68418.9766619904;68668.0058104846;68024.6382348537;68362.7331098485;14443497907.64;1351535266982.96;"2024-10-19T23:59:59.999Z"
"2024-10-18T00:00:00.000Z";"2024-10-18T23:59:59.999Z";"2024-10-18T18:47:00.000Z";"2024-10-18T00:57:00.000Z";"2781";67419.1087252549;68969.7469240407;67177.818198958;68418.7890489052;36857165014.36;1352611490621.36;"2024-10-18T23:59:59.999Z"
"2024-10-17T00:00:00.000Z";"2024-10-17T23:59:59.999Z";"2024-10-17T00:38:00.000Z";"2024-10-17T13:37:00.000Z";"2781";67617.0795713375;67912.2076398065;66647.391211274;67399.8334924398;32790898510.76;1332816990035.49;"2024-10-17T23:59:59.999Z"
"2024-10-16T00:00:00.000Z";"2024-10-16T23:59:59.999Z";"2024-10-16T11:48:00.000Z";"2024-10-16T01:12:00.000Z";"2781";67042.4618218177;68375.2929488011;66758.7255092654;67612.7207776042;38195189533.82;1336696892492.18;"2024-10-16T23:59:59.999Z"
"2024-10-15T00:00:00.000Z";"2024-10-15T23:59:59.999Z";"2024-10-15T14:02:00.000Z";"2024-10-15T15:09:00.000Z";"2781";66050.3687270292;67881.6795865567;64809.1969471504;67041.1071653338;48863870878.62;1325307318851.9;"2024-10-15T23:59:59.999Z"
"2024-10-14T00:00:00.000Z";"2024-10-14T23:59:59.999Z";"2024-10-14T23:01:00.000Z";"2024-10-14T00:53:00.000Z";"2781";62848.3994880925;66482.4943857198;62442.1539998429;66046.1280687548;43706958055.79;1305664072036.41;"2024-10-14T23:59:59.999Z"
"2024-10-13T00:00:00.000Z";"2024-10-13T23:59:59.999Z";"2024-10-13T00:33:00.000Z";"2024-10-13T15:31:00.000Z";"2781";63192.9435754787;63272.6529630129;62035.6366902561;62851.3749169602;18177529689.88;1242341595990.99;"2024-10-13T23:59:59.999Z"
"2024-10-12T00:00:00.000Z";"2024-10-12T23:59:59.999Z";"2024-10-12T15:15:00.000Z";"2024-10-12T00:00:00.000Z";"2781";62444.6174061501;63448.7832440021;62443.2713529987;63193.0230702875;16744110885.86;1249123856891.37;"2024-10-12T23:59:59.999Z"
"2024-10-11T00:00:00.000Z";"2024-10-11T23:59:59.999Z";"2024-10-11T19:13:00.000Z";"2024-10-11T01:37:00.000Z";"2781";60275.4608346571;63400.8698799473;60046.125828387;62445.0886070974;30327141594.18;1234303474603.03;"2024-10-11T23:59:59.999Z"
"2024-10-10T00:00:00.000Z";"2024-10-10T23:59:59.999Z";"2024-10-10T12:03:00.000Z";"2024-10-10T18:27:00.000Z";"2781";60581.9296868773;61236.7231707069;58895.2078078197;60274.4980637861;30452813570.16;1191400599851.04;"2024-10-10T23:59:59.999Z"
"2024-10-09T00:00:00.000Z";"2024-10-09T23:59:59.999Z";"2024-10-09T05:58:00.000Z";"2024-10-09T20:56:00.000Z";"2781";62131.7261033116;62508.8357368894;60314.6143862386;60582.1009695389;27670982363.46;1197429647366.86;"2024-10-09T23:59:59.999Z"
"2024-10-08T00:00:00.000Z";"2024-10-08T23:59:59.999Z";"2024-10-08T14:03:00.000Z";"2024-10-08T19:16:00.000Z";"2781";62221.6451487376;63174.3062001171;61843.5636611283;62131.9678544148;28134475156.91;1228037977784.51;"2024-10-08T23:59:59.999Z"
"2024-10-07T00:00:00.000Z";"2024-10-07T23:59:59.999Z";"2024-10-07T14:25:00.000Z";"2024-10-07T23:01:00.000Z";"2781";62819.1093330048;64443.7064117964;62152.5517077403;62236.6593684009;34253562610.48;1229782194408.04;"2024-10-07T23:59:59.999Z"
"2024-10-06T00:00:00.000Z";"2024-10-06T23:59:59.999Z";"2024-10-06T19:31:00.000Z";"2024-10-06T04:43:00.000Z";"2781";62084.9865006411;62959.5685406335;61833.1500428486;62818.9544761374;14776233666.91;1241559389621.88;"2024-10-06T23:59:59.999Z"
"2024-10-05T00:00:00.000Z";"2024-10-05T23:59:59.999Z";"2024-10-05T13:13:00.000Z";"2024-10-05T03:04:00.000Z";"2781";62067.6104970553;62371.0236788776;61689.5811648998;62089.9484591443;13305410748.72;1227021845844.29;"2024-10-05T23:59:59.999Z"
"2024-10-04T00:00:00.000Z";"2024-10-04T23:59:59.999Z";"2024-10-04T20:56:00.000Z";"2024-10-04T00:55:00.000Z";"2781";60754.6251257523;62465.9907584451;60459.9398173621;62067.4774474519;29585472513.07;1226647958541.08;"2024-10-04T23:59:59.999Z"
"2024-10-03T00:00:00.000Z";"2024-10-03T23:59:59.999Z";"2024-10-03T04:01:00.000Z";"2024-10-03T13:19:00.000Z";"2781";60632.4862350431;61469.0371479302;59878.8034256844;60759.4013268768;36106447278.67;1200668382436.2;"2024-10-03T23:59:59.999Z"
"2024-10-02T00:00:00.000Z";"2024-10-02T23:59:59.999Z";"2024-10-02T16:08:00.000Z";"2024-10-02T19:47:00.000Z";"2781";60836.3246300866;62357.6867279553;59996.9473420048;60632.7862737945;40762722397.63;1198224649900.69;"2024-10-02T23:59:59.999Z"
"2024-10-01T00:00:00.000Z";"2024-10-01T23:59:59.999Z";"2024-10-01T07:40:00.000Z";"2024-10-01T20:42:00.000Z";"2781";63335.603583719;64110.9819990323;60189.278696888;60837.009700736;50220923499.58;1202222321937.7;"2024-10-01T23:59:59.999Z"
"2024-09-30T00:00:00.000Z";"2024-09-30T23:59:59.999Z";"2024-09-30T00:00:00.000Z";"2024-09-30T23:44:00.000Z";"2781";65634.6601298628;65635.052877058;62873.615868433;63329.4981294766;37112957474.81;1251461875405.87;"2024-09-30T23:59:59.999Z"
"2024-09-29T00:00:00.000Z";"2024-09-29T23:59:59.999Z";"2024-09-29T20:06:00.000Z";"2024-09-29T08:26:00.000Z";"2781";65888.8952714385;66069.3458132303;65450.0143671644;65635.3081461486;14788214574.54;1296984728119.06;"2024-09-29T23:59:59.999Z"
"2024-09-28T00:00:00.000Z";"2024-09-28T23:59:59.999Z";"2024-09-28T03:08:00.000Z";"2024-09-28T13:16:00.000Z";"2781";65792.1819476094;66255.5318744588;65458.034501538;65887.6487821282;15243637983.9;1301977287120.42;"2024-09-28T23:59:59.999Z"
"2024-09-27T00:00:00.000Z";"2024-09-27T23:59:59.999Z";"2024-09-27T14:39:00.000Z";"2024-09-27T03:07:00.000Z";"2781";65180.6651400747;66480.6947101072;64852.9910891431;65790.6616497344;32058813449.4;1300039501550.01;"2024-09-27T23:59:59.999Z"
"2024-09-26T00:00:00.000Z";"2024-09-26T23:59:59.999Z";"2024-09-26T17:08:00.000Z";"2024-09-26T01:39:00.000Z";"2781";63138.5484837603;65790.7954495908;62669.2684494504;65181.0206972443;36873129847.33;1287929596336.16;"2024-09-26T23:59:59.999Z"
"2024-09-25T00:00:00.000Z";"2024-09-25T23:59:59.999Z";"2024-09-25T01:41:00.000Z";"2024-09-25T23:44:00.000Z";"2781";64302.5912192468;64804.5031378147;62945.3765459511;63143.1459738721;25078377699.65;1247551422563.2;"2024-09-25T23:59:59.999Z"
"2024-09-24T00:00:00.000Z";"2024-09-24T23:59:59.999Z";"2024-09-24T22:58:00.000Z";"2024-09-24T02:15:00.000Z";"2781";63326.8412511456;64695.2154668874;62737.4179011372;64301.9672659429;29938335243.03;1270523906052.13;"2024-09-24T23:59:59.999Z"
"2024-09-23T00:00:00.000Z";"2024-09-23T23:59:59.999Z";"2024-09-23T03:28:00.000Z";"2024-09-23T00:17:00.000Z";"2781";63643.1020803622;64733.5576683482;62628.0786641199;63329.802386615;31400285425.2;1251214895782.2;"2024-09-23T23:59:59.999Z"
"2024-09-22T00:00:00.000Z";"2024-09-22T23:59:59.999Z";"2024-09-22T22:59:00.000Z";"2024-09-22T22:06:00.000Z";"2781";63396.8035525073;63993.4231033969;62440.726268076;63648.7098902519;20183348802.13;1257434508161.25;"2024-09-22T23:59:59.999Z"
"2024-09-21T00:00:00.000Z";"2024-09-21T23:59:59.999Z";"2024-09-21T23:51:00.000Z";"2024-09-21T05:08:00.000Z";"2781";63184.3412676027;63543.3601232398;62783.1053795212;63394.838742556;14408616220.03;1252541488640.3;"2024-09-21T23:59:59.999Z"
"2024-09-20T00:00:00.000Z";"2024-09-20T23:59:59.999Z";"2024-09-20T04:10:00.000Z";"2024-09-20T18:12:00.000Z";"2781";62941.4275952191;64119.530359621;62364.6065332085;63192.975082876;35177164222.14;1248317992550.81;"2024-09-20T23:59:59.999Z"
"2024-09-19T00:00:00.000Z";"2024-09-19T23:59:59.999Z";"2024-09-19T17:47:00.000Z";"2024-09-19T01:36:00.000Z";"2781";61651.1553381713;63872.4407220416;61609.8670214546;62940.456765714;42710252572.5;1243489914823.71;"2024-09-19T23:59:59.999Z"
"2024-09-18T00:00:00.000Z";"2024-09-18T23:59:59.999Z";"2024-09-18T23:58:00.000Z";"2024-09-18T16:06:00.000Z";"2781";60309.0018795135;61664.0673338615;59218.2524421004;61649.6787266514;40990702890.6;1217976155884.66;"2024-09-18T23:59:59.999Z"
"2024-09-17T00:00:00.000Z";"2024-09-17T23:59:59.999Z";"2024-09-17T15:22:00.000Z";"2024-09-17T01:01:00.000Z";"2781";58192.5093438557;61316.0913839546;57628.0717661941;60308.5375947655;38075570117.66;1191434667557.74;"2024-09-17T23:59:59.999Z"
"2024-09-16T00:00:00.000Z";"2024-09-16T23:59:59.999Z";"2024-09-16T00:05:00.000Z";"2024-09-16T17:13:00.000Z";"2781";59185.22685956;59205.5103578251;57501.3391727673;58192.5068714421;32032822113.39;1149595000633.19;"2024-09-16T23:59:59.999Z"
"2024-09-15T00:00:00.000Z";"2024-09-15T23:59:59.999Z";"2024-09-15T15:46:00.000Z";"2024-09-15T23:12:00.000Z";"2781";60000.7283175086;60381.9166672998;58696.3094180022;59182.8353338828;18120960866.97;1169182849928.94;"2024-09-15T23:59:59.999Z"
"2024-09-14T00:00:00.000Z";"2024-09-14T23:59:59.999Z";"2024-09-14T00:19:00.000Z";"2024-09-14T18:10:00.000Z";"2781";60569.1162343064;60656.7211280316;59517.8819333016;60005.1191557571;16428405496.29;1185265247315.9;"2024-09-14T23:59:59.999Z"
"2024-09-13T00:00:00.000Z";"2024-09-13T23:59:59.999Z";"2024-09-13T22:59:00.000Z";"2024-09-13T12:25:00.000Z";"2781";58130.3224813667;60648.0242696995;57650.111670673;60571.2991585945;32490528355.5;1196466210707.58;"2024-09-13T23:59:59.999Z"
"2024-09-12T00:00:00.000Z";"2024-09-12T23:59:59.999Z";"2024-09-12T14:35:00.000Z";"2024-09-12T00:00:00.000Z";"2781";57343.1725885899;58534.3583794247;57330.1007544746;58127.010836944;33835707948.72;1148268024284.08;"2024-09-12T23:59:59.999Z"
"2024-09-11T00:00:00.000Z";"2024-09-11T23:59:59.999Z";"2024-09-11T18:27:00.000Z";"2024-09-11T14:48:00.000Z";"2781";57650.2890706235;57991.3205126863;55567.3412852397;57343.1705364168;37049062671.53;1132692864304.88;"2024-09-11T23:59:59.999Z"
"2024-09-10T00:00:00.000Z";"2024-09-10T23:59:59.999Z";"2024-09-10T19:58:00.000Z";"2024-09-10T04:38:00.000Z";"2781";57020.0984145732;58029.9774360464;56419.4128526596;57648.7124094767;28857630506.88;1138738372572.7;"2024-09-10T23:59:59.999Z"
"2024-09-09T00:00:00.000Z";"2024-09-09T23:59:59.999Z";"2024-09-09T21:16:00.000Z";"2024-09-09T05:55:00.000Z";"2781";54851.8873519906;58041.1248561564;54598.4337284331;57019.5347575706;34618096173.33;1126266856954.79;"2024-09-09T23:59:59.999Z"
"2024-09-08T00:00:00.000Z";"2024-09-08T23:59:59.999Z";"2024-09-08T22:29:00.000Z";"2024-09-08T16:03:00.000Z";"2781";54147.9325654123;55300.8596875448;53653.7592211144;54841.5663542288;18268287531.02;1083415774482.94;"2024-09-08T23:59:59.999Z"
"2024-09-07T00:00:00.000Z";"2024-09-07T23:59:59.999Z";"2024-09-07T16:09:00.000Z";"2024-09-07T01:54:00.000Z";"2781";53949.0871537406;54838.1456716952;53740.0685364941;54139.6894492297;19061486526.14;1069483234366.22;"2024-09-07T23:59:59.999Z"
"2024-09-06T00:00:00.000Z";"2024-09-06T23:59:59.999Z";"2024-09-06T13:24:00.000Z";"2024-09-06T21:01:00.000Z";"2781";56160.189464975;56976.108907217;52598.6996623841;53948.7522426374;49361693566.14;1065529160549.42;"2024-09-06T23:59:59.999Z"
"2024-09-05T00:00:00.000Z";"2024-09-05T23:59:59.999Z";"2024-09-05T00:30:00.000Z";"2024-09-05T21:36:00.000Z";"2781";57971.7033213181;58300.5810225774;55712.4540885557;56160.4872644568;31030280656.27;1109173176845.09;"2024-09-05T23:59:59.999Z"
"2024-09-04T00:00:00.000Z";"2024-09-04T23:59:59.999Z";"2024-09-04T16:39:00.000Z";"2024-09-04T01:06:00.000Z";"2781";57430.3485733917;58511.5693214577;55673.162833355;57971.5408166853;35627680311.93;1144922067905.65;"2024-09-04T23:59:59.999Z"
"2024-09-03T00:00:00.000Z";"2024-09-03T23:59:59.999Z";"2024-09-03T02:16:00.000Z";"2024-09-03T23:59:00.000Z";"2781";59106.1912871102;59815.056946191;57425.1673117413;57431.0229886572;26666961052.67;1134203956918.77;"2024-09-03T23:59:59.999Z"
"2024-09-02T00:00:00.000Z";"2024-09-02T23:59:59.999Z";"2024-09-02T23:02:00.000Z";"2024-09-02T00:53:00.000Z";"2781";57326.967287785;59403.0697934676;57136.0264168139;59112.4795055389;27036454524.41;1167274281774.19;"2024-09-02T23:59:59.999Z"
"2024-09-01T00:00:00.000Z";"2024-09-01T23:59:59.999Z";"2024-09-01T00:17:00.000Z";"2024-09-01T23:19:00.000Z";"2781";58969.7994536059;59062.0708116667;57217.8238628753;57325.4876891906;24592449996.84;1132107052433.14;"2024-09-01T23:59:59.999Z"
"2024-08-31T00:00:00.000Z";"2024-08-31T23:59:59.999Z";"2024-08-31T00:34:00.000Z";"2024-08-31T17:52:00.000Z";"2781";59117.4795058185;59432.5919476527;58768.7839637053;58969.8983660431;12403470760.22;1164522862133.13;"2024-08-31T23:59:59.999Z"
"2024-08-30T00:00:00.000Z";"2024-08-30T23:59:59.999Z";"2024-08-30T12:31:00.000Z";"2024-08-30T16:28:00.000Z";"2781";59388.6018804972;59896.8875637952;57768.5300577066;59119.4747770124;32292756404.79;1167450891056.22;"2024-08-30T23:59:59.999Z"
"2024-08-29T00:00:00.000Z";"2024-08-29T23:59:59.999Z";"2024-08-29T15:35:00.000Z";"2024-08-29T22:10:00.000Z";"2781";59027.4683440286;61184.0806151523;58786.2269878956;59388.1808524122;32224990582.03;1172740960639.8;"2024-08-29T23:59:59.999Z"
"2024-08-28T00:00:00.000Z";"2024-08-28T23:59:59.999Z";"2024-08-28T10:00:00.000Z";"2024-08-28T16:24:00.000Z";"2781";59507.9246387341;60236.4480067382;57890.6769051017;59027.6265870301;40289564698.25;1165584605051.06;"2024-08-28T23:59:59.999Z"
"2024-08-27T00:00:00.000Z";"2024-08-27T23:59:59.999Z";"2024-08-27T01:36:00.000Z";"2024-08-27T22:16:00.000Z";"2781";62879.7084021583;63210.7951030461;58116.751326202;59504.1326827134;39103882197.72;1175040861567.76;"2024-08-27T23:59:59.999Z"
"2024-08-26T00:00:00.000Z";"2024-08-26T23:59:59.999Z";"2024-08-26T00:08:00.000Z";"2024-08-26T23:56:00.000Z";"2781";64342.2254421225;64489.7063803201;62849.5598236226;62880.6586542698;27682040631.48;1241593608804.03;"2024-08-26T23:59:59.999Z"
"2024-08-25T00:00:00.000Z";"2024-08-25T23:59:59.999Z";"2024-08-25T23:29:00.000Z";"2024-08-25T10:10:00.000Z";"2781";64176.3670669592;64996.4201037902;63833.5188951835;64333.5441834656;18827683555.12;1270273035259.48;"2024-08-25T23:59:59.999Z"
"2024-08-24T00:00:00.000Z";"2024-08-24T23:59:59.999Z";"2024-08-24T09:01:00.000Z";"2024-08-24T22:00:00.000Z";"2781";64103.8695897208;64513.7904970015;63619.9172143709;64178.9906500623;21430585163.21;1267143884943.4;"2024-08-24T23:59:59.999Z"
"2024-08-23T00:00:00.000Z";"2024-08-23T23:59:59.999Z";"2024-08-23T22:35:00.000Z";"2024-08-23T00:02:00.000Z";"2781";60380.9528602663;64947.0617611003;60372.0499574361;64094.3572066269;42530509233.24;1265681609173.33;"2024-08-23T23:59:59.999Z"
"2024-08-22T00:00:00.000Z";"2024-08-22T23:59:59.999Z";"2024-08-22T12:04:00.000Z";"2024-08-22T02:53:00.000Z";"2781";61168.315762736;61408.1075728165;59815.2549824794;60381.9124606776;27625734376.65;1192142090606.28;"2024-08-22T23:59:59.999Z"
"2024-08-21T00:00:00.000Z";"2024-08-21T23:59:59.999Z";"2024-08-21T20:06:00.000Z";"2024-08-21T01:23:00.000Z";"2781";59014.9876262709;61834.3507771778;58823.4436141467;61175.192009918;32731154072.02;1207652524160.56;"2024-08-21T23:59:59.999Z"
"2024-08-20T00:00:00.000Z";"2024-08-20T23:59:59.999Z";"2024-08-20T05:25:00.000Z";"2024-08-20T16:11:00.000Z";"2781";59493.4519675227;61396.3281000012;58610.8833682436;59012.7911526577;31613400007.92;1165118855138.42;"2024-08-20T23:59:59.999Z"
"2024-08-19T00:00:00.000Z";"2024-08-19T23:59:59.999Z";"2024-08-19T23:55:00.000Z";"2024-08-19T10:06:00.000Z";"2781";58480.7127277463;59612.6612546717;57864.7095096926;59493.4524821881;25911207712.1;1174536992004.58;"2024-08-19T23:59:59.999Z"
"2024-08-18T00:00:00.000Z";"2024-08-18T23:59:59.999Z";"2024-08-18T12:47:00.000Z";"2024-08-18T23:56:00.000Z";"2781";59468.1314945541;60262.7170016644;58445.4017198721;58483.9649819015;17740625837.21;1154518920582.08;"2024-08-18T23:59:59.999Z"
"2024-08-17T00:00:00.000Z";"2024-08-17T23:59:59.999Z";"2024-08-17T16:53:00.000Z";"2024-08-17T00:20:00.000Z";"2781";58893.530843348;59694.6689280267;58814.8313263298;59478.9710471953;13589684021.38;1173983398000.89;"2024-08-17T23:59:59.999Z"
"2024-08-16T00:00:00.000Z";"2024-08-16T23:59:59.999Z";"2024-08-16T19:33:00.000Z";"2024-08-16T01:23:00.000Z";"2781";57560.2733013763;59847.3583466111;57110.0193186318;58894.1041602173;29350938673.14;1162612186428.42;"2024-08-16T23:59:59.999Z"
"2024-08-15T00:00:00.000Z";"2024-08-15T23:59:59.999Z";"2024-08-15T16:32:00.000Z";"2024-08-15T20:57:00.000Z";"2781";58733.2629876225;59838.6486731405;56161.5928697264;57560.0976318307;35682112440.15;1136267308779.81;"2024-08-15T23:59:59.999Z"
"2024-08-14T00:00:00.000Z";"2024-08-14T23:59:59.999Z";"2024-08-14T12:31:00.000Z";"2024-08-14T22:05:00.000Z";"2781";60611.0500484466;61687.756592205;58472.8741300951;58737.2706270019;29961696179.78;1159393319243.89;"2024-08-14T23:59:59.999Z"
"2024-08-13T00:00:00.000Z";"2024-08-13T23:59:59.999Z";"2024-08-13T17:45:00.000Z";"2024-08-13T10:25:00.000Z";"2781";59356.2077843983;61572.3969722555;58506.2533734494;60609.5669845367;30327698167.09;1196435943982.72;"2024-08-13T23:59:59.999Z"
"2024-08-12T00:00:00.000Z";"2024-08-12T23:59:59.999Z";"2024-08-12T14:41:00.000Z";"2024-08-12T07:22:00.000Z";"2781";58719.3952192515;60680.3308127436;57688.8977269543;59354.5137212797;37078637820.19;1171638477214.27;"2024-08-12T23:59:59.999Z"
"2024-08-11T00:00:00.000Z";"2024-08-11T23:59:59.999Z";"2024-08-11T09:21:00.000Z";"2024-08-11T20:39:00.000Z";"2781";60944.8925563279;61778.6603733988;58348.8233421261;58719.483169327;22759754812.06;1159042118919.04;"2024-08-11T23:59:59.999Z"
"2024-08-10T00:00:00.000Z";"2024-08-10T23:59:59.999Z";"2024-08-10T00:24:00.000Z";"2024-08-10T04:16:00.000Z";"2781";60881.2294781478;61464.5116528916;60287.5665321098;60945.8131361053;15745822278.31;1202940345184.08;"2024-08-10T23:59:59.999Z"
"2024-08-09T00:00:00.000Z";"2024-08-09T23:59:59.999Z";"2024-08-09T00:01:00.000Z";"2024-08-09T14:37:00.000Z";"2781";61728.2089798276;61751.8644407637;59587.8597904934;60880.1122032153;33425553115.27;1201660191806.74;"2024-08-09T23:59:59.999Z"
"2024-08-08T00:00:00.000Z";"2024-08-08T23:59:59.999Z";"2024-08-08T23:01:00.000Z";"2024-08-08T00:40:00.000Z";"2781";55030.0290256907;62673.7639765565;54766.7284231449;61710.1375644501;45298472566.63;1218352191431.14;"2024-08-08T23:59:59.999Z"
"2024-08-07T00:00:00.000Z";"2024-08-07T23:59:59.999Z";"2024-08-07T10:35:00.000Z";"2024-08-07T22:24:00.000Z";"2781";56040.6321232278;57726.8810517744;54620.5095211427;55027.4606917867;41637562184.67;1086125591738.96;"2024-08-07T23:59:59.999Z"
"2024-08-06T00:00:00.000Z";"2024-08-06T23:59:59.999Z";"2024-08-06T18:18:00.000Z";"2024-08-06T00:00:00.000Z";"2781";53991.3475883934;57059.9186167572;53973.2722755542;56034.3165914605;49300484106.29;1106050307069.4;"2024-08-06T23:59:59.999Z"
"2024-08-05T00:00:00.000Z";"2024-08-05T23:59:59.999Z";"2024-08-05T00:07:00.000Z";"2024-08-05T06:25:00.000Z";"2781";58110.2984557763;58268.8274088694;49121.2373775943;53991.4577965042;108991085584.42;1065580794793.2;"2024-08-05T23:59:59.999Z"
"2024-08-04T00:00:00.000Z";"2024-08-04T23:59:59.999Z";"2024-08-04T02:35:00.000Z";"2024-08-04T17:45:00.000Z";"2781";60676.0941770946;61062.9895543501;57210.8033286504;58116.9769610403;31758917219.16;1146844860380.54;"2024-08-04T23:59:59.999Z"
"2024-08-03T00:00:00.000Z";"2024-08-03T23:59:59.999Z";"2024-08-03T12:41:00.000Z";"2024-08-03T21:08:00.000Z";"2781";61414.8084938627;62148.3717618854;59836.5273716364;60680.0946987796;31753030589.34;1197456370706.16;"2024-08-03T23:59:59.999Z"
"2024-08-02T00:00:00.000Z";"2024-08-02T23:59:59.999Z";"2024-08-02T00:20:00.000Z";"2024-08-02T22:59:00.000Z";"2781";65353.4984738177;65523.2235707569;61184.8931977399;61415.0645726852;43060875727.45;1212008164272.18;"2024-08-02T23:59:59.999Z"
"2024-08-01T00:00:00.000Z";"2024-08-01T23:59:59.999Z";"2024-08-01T22:27:00.000Z";"2024-08-01T17:47:00.000Z";"2781";64625.8404447144;65593.244771184;62248.9399911026;65357.5015625505;40975554493.51;1289712080281.71;"2024-08-01T23:59:59.999Z"
"2024-07-31T00:00:00.000Z";"2024-07-31T23:59:59.999Z";"2024-07-31T13:43:00.000Z";"2024-07-31T20:56:00.000Z";"2781";66201.2710774696;66810.2126924941;64532.0462977066;64619.2496492185;31292785993.69;1275323104043.98;"2024-07-31T23:59:59.999Z"
"2024-07-30T00:00:00.000Z";"2024-07-30T23:59:59.999Z";"2024-07-30T07:48:00.000Z";"2024-07-30T20:12:00.000Z";"2781";66819.0526575841;66987.6723080417;65323.1919785809;66201.0162264011;31380492109.35;1306384437839.03;"2024-07-30T23:59:59.999Z"
"2024-07-29T00:00:00.000Z";"2024-07-29T23:59:59.999Z";"2024-07-29T13:07:00.000Z";"2024-07-29T17:03:00.000Z";"2781";68259.0549329203;69987.5422080099;66532.5931101119;66819.9161863636;40780682628.04;1318540566549.27;"2024-07-29T23:59:59.999Z"
"2024-07-28T00:00:00.000Z";"2024-07-28T23:59:59.999Z";"2024-07-28T18:31:00.000Z";"2024-07-28T05:10:00.000Z";"2781";67808.655588481;68301.8541099212;67085.8281866684;68255.8657690205;18043166944.55;1346858598263.74;"2024-07-28T23:59:59.999Z"
"2024-07-27T00:00:00.000Z";"2024-07-27T23:59:59.999Z";"2024-07-27T14:05:00.000Z";"2024-07-27T20:26:00.000Z";"2781";67911.8142625278;69398.5113084796;66705.2195764852;67813.3394163313;34691905492.17;1338003104418.14;"2024-07-27T23:59:59.999Z"
"2024-07-26T00:00:00.000Z";"2024-07-26T23:59:59.999Z";"2024-07-26T21:50:00.000Z";"2024-07-26T00:03:00.000Z";"2781";65771.8104166052;68207.6000267291;65743.7694349242;67912.06309622;30488630457.22;1340006377389;"2024-07-26T23:59:59.999Z"
"2024-07-25T00:00:00.000Z";"2024-07-25T23:59:59.999Z";"2024-07-25T22:09:00.000Z";"2024-07-25T14:14:00.000Z";"2781";65375.8734846053;66112.4200353199;63473.4732846473;65777.2239400202;38315761669.6;1297746222202.46;"2024-07-25T23:59:59.999Z"
"2024-07-24T00:00:00.000Z";"2024-07-24T23:59:59.999Z";"2024-07-24T14:35:00.000Z";"2024-07-24T23:06:00.000Z";"2781";65927.8580751662;67113.9843132699;65146.9949755547;65372.1332336736;27470942308.81;1289901286822.95;"2024-07-24T23:59:59.999Z"
"2024-07-23T00:00:00.000Z";"2024-07-23T23:59:59.999Z";"2024-07-23T00:19:00.000Z";"2024-07-23T20:00:00.000Z";"2781";67584.8043545273;67779.0175541407;65484.4620810299;65927.6723614031;35605668665.85;1300762573330.26;"2024-07-23T23:59:59.999Z"
"2024-07-22T00:00:00.000Z";"2024-07-22T23:59:59.999Z";"2024-07-22T00:52:00.000Z";"2024-07-22T15:11:00.000Z";"2781";68152.9761329417;68480.0627910864;66611.2998683859;67585.2499720905;42649109453.15;1333416492641.59;"2024-07-22T23:59:59.999Z"
"2024-07-21T00:00:00.000Z";"2024-07-21T23:59:59.999Z";"2024-07-21T22:05:00.000Z";"2024-07-21T18:13:00.000Z";"2781";67164.9119218204;68372.9051655897;65842.298799547;68154.522905866;26652190003.57;1344591292880.38;"2024-07-21T23:59:59.999Z"
"2024-07-20T00:00:00.000Z";"2024-07-20T23:59:59.999Z";"2024-07-20T18:54:00.000Z";"2024-07-20T01:55:00.000Z";"2781";66709.9256150293;67610.7343734082;66299.6183732209;67163.6449237129;19029581249.82;1325061487221.58;"2024-07-20T23:59:59.999Z"
"2024-07-19T00:00:00.000Z";"2024-07-19T23:59:59.999Z";"2024-07-19T19:37:00.000Z";"2024-07-19T01:20:00.000Z";"2781";63972.3254992254;67442.6381157797;63329.3420254858;66710.1543130458;37003855409.78;1316050877556.13;"2024-07-19T23:59:59.999Z"
"2024-07-18T00:00:00.000Z";"2024-07-18T23:59:59.999Z";"2024-07-18T13:13:00.000Z";"2024-07-18T19:26:00.000Z";"2781";64104.7376791449;65104.6614189984;63246.1644386903;63974.0666841082;27239305336.94;1262047185003.48;"2024-07-18T23:59:59.999Z"
"2024-07-17T00:00:00.000Z";"2024-07-17T23:59:59.999Z";"2024-07-17T01:20:00.000Z";"2024-07-17T16:43:00.000Z";"2781";65091.8307087293;66066.7330274247;63896.0871928785;64118.7926694255;32525071310.74;1264876808968.35;"2024-07-17T23:59:59.999Z"
"2024-07-16T00:00:00.000Z";"2024-07-16T23:59:59.999Z";"2024-07-16T23:31:00.000Z";"2024-07-16T08:34:00.000Z";"2781";64784.4188428292;65354.3382001038;62487.9671099288;65097.1468308443;41617346767.84;1284144530410.43;"2024-07-16T23:59:59.999Z"
"2024-07-15T00:00:00.000Z";"2024-07-15T23:59:59.999Z";"2024-07-15T23:59:00.000Z";"2024-07-15T00:15:00.000Z";"2781";60815.4578978154;64870.1528151311;60704.9291986666;64870.1528151311;38094526099.38;1279638364954.2;"2024-07-15T23:59:59.999Z"
"2024-07-14T00:00:00.000Z";"2024-07-14T23:59:59.999Z";"2024-07-14T22:00:00.000Z";"2024-07-14T00:00:00.000Z";"2781";59225.2503987175;61329.5291439691;59225.2503987175;60787.7923701369;22223416060.82;1198755021571.63;"2024-07-14T23:59:59.999Z"
"2024-07-13T00:00:00.000Z";"2024-07-13T23:59:59.999Z";"2024-07-13T23:19:00.000Z";"2024-07-13T00:34:00.000Z";"2781";57908.7385440759;59787.078219519;57796.4424544948;59231.9532405648;17080061806.26;1168067978181;"2024-07-13T23:59:59.999Z"
"2024-07-12T00:00:00.000Z";"2024-07-12T23:59:59.999Z";"2024-07-12T18:51:00.000Z";"2024-07-12T01:27:00.000Z";"2781";57341.1949342451;58532.5530575507;56590.1744886772;57899.4655171113;25604805220.57;1141786144917.27;"2024-07-12T23:59:59.999Z"
"2024-07-11T00:00:00.000Z";"2024-07-11T23:59:59.999Z";"2024-07-11T12:34:00.000Z";"2024-07-11T03:22:00.000Z";"2781";57729.8908040311;59299.4342862437;57120.3775087818;57344.914785087;28707803842.25;1130840802043.28;"2024-07-11T23:59:59.999Z"
"2024-07-10T00:00:00.000Z";"2024-07-10T23:59:59.999Z";"2024-07-10T05:09:00.000Z";"2024-07-10T20:34:00.000Z";"2781";58033.8844856386;59359.4323917866;57178.4125249149;57742.4946206796;26175260525.73;1138673101575.64;"2024-07-10T23:59:59.999Z"
"2024-07-09T00:00:00.000Z";"2024-07-09T23:59:59.999Z";"2024-07-09T18:46:00.000Z";"2024-07-09T00:32:00.000Z";"2781";56704.5969356415;58239.1969981092;56316.8751540777;58009.2263162293;27849512607.28;1143927440649.47;"2024-07-09T23:59:59.999Z"
"2024-07-08T00:00:00.000Z";"2024-07-08T23:59:59.999Z";"2024-07-08T09:03:00.000Z";"2024-07-08T01:23:00.000Z";"2781";55849.5737694153;58131.3373014961;54321.0190639668;56705.0984270702;39766159898.66;1118206962401.32;"2024-07-08T23:59:59.999Z"
"2024-07-07T00:00:00.000Z";"2024-07-07T23:59:59.999Z";"2024-07-07T02:21:00.000Z";"2024-07-07T23:51:00.000Z";"2781";58239.4304736734;58371.1203868862;55793.3259432251;55849.1106386094;20553359505.21;1101324021018.89;"2024-07-07T23:59:59.999Z"
"2024-07-06T00:00:00.000Z";"2024-07-06T23:59:59.999Z";"2024-07-06T23:31:00.000Z";"2024-07-06T05:03:00.000Z";"2781";56659.075234024;58472.5487392065;56038.9616404155;58303.5385809166;20610320576.89;1149721701454.25;"2024-07-06T23:59:59.999Z"
"2024-07-05T00:00:00.000Z";"2024-07-05T23:59:59.999Z";"2024-07-05T00:51:00.000Z";"2024-07-05T04:20:00.000Z";"2781";57022.8092189746;57497.1514256945;53717.3754334207;56662.3732744795;55417544033.35;1117355596306.79;"2024-07-05T23:59:59.999Z"
"2024-07-04T00:00:00.000Z";"2024-07-04T23:59:59.999Z";"2024-07-04T00:42:00.000Z";"2024-07-04T13:45:00.000Z";"2781";60147.137642006;60399.6747732512;56777.8049467793;56977.7014590912;41149609229.76;1123568935037.48;"2024-07-04T23:59:59.999Z"
"2024-07-03T00:00:00.000Z";"2024-07-03T23:59:59.999Z";"2024-07-03T00:36:00.000Z";"2024-07-03T21:03:00.000Z";"2781";62034.3301365905;62187.7048428681;59419.3883912521;60173.9235814982;29756701684.52;1186592344846.68;"2024-07-03T23:59:59.999Z"
"2024-07-02T00:00:00.000Z";"2024-07-02T23:59:59.999Z";"2024-07-02T03:43:00.000Z";"2024-07-02T16:10:00.000Z";"2781";62844.4115540899;63203.3594480376;61752.7466366257;62029.0168101831;20151616991.74;1223171892635.89;"2024-07-02T23:59:59.999Z"
"2024-07-01T00:00:00.000Z";"2024-07-01T23:59:59.999Z";"2024-07-01T18:21:00.000Z";"2024-07-01T13:51:00.000Z";"2781";62673.6063386528;63777.227541783;62495.5101039097;62851.9800679276;25468379421.26;1239386428568.86;"2024-07-01T23:59:59.999Z"
"2024-06-30T00:00:00.000Z";"2024-06-30T23:59:59.999Z";"2024-06-30T23:01:00.000Z";"2024-06-30T05:23:00.000Z";"2781";60888.4455615606;62892.8271989797;60632.9504386712;62678.292079457;17333226408.92;1235944779945.39;"2024-06-30T23:59:59.999Z"
"2024-06-29T00:00:00.000Z";"2024-06-29T23:59:59.999Z";"2024-06-29T11:40:00.000Z";"2024-06-29T00:04:00.000Z";"2781";60319.8732021512;61097.621824376;60300.9651019716;60887.3808347422;12652903395.87;1200610071822.96;"2024-06-29T23:59:59.999Z"
"2024-06-28T00:00:00.000Z";"2024-06-28T23:59:59.999Z";"2024-06-28T01:40:00.000Z";"2024-06-28T20:00:00.000Z";"2781";61612.8057853413;62126.0965678871;59985.4042602081;60320.1355264783;24952866877.23;1189406366262.41;"2024-06-28T23:59:59.999Z"
"2024-06-27T00:00:00.000Z";"2024-06-27T23:59:59.999Z";"2024-06-27T14:15:00.000Z";"2024-06-27T06:48:00.000Z";"2781";60811.2270218847;62293.862003011;60585.3308067077;61604.801764073;21231745044.69;1214717875147.04;"2024-06-27T23:59:59.999Z"
"2024-06-26T00:00:00.000Z";"2024-06-26T23:59:59.999Z";"2024-06-26T02:18:00.000Z";"2024-06-26T19:14:00.000Z";"2781";61789.6754472311;62434.1365104004;60695.1868303097;60811.2784501874;22506003064.37;1199038781431.77;"2024-06-26T23:59:59.999Z"
"2024-06-25T00:00:00.000Z";"2024-06-25T23:59:59.999Z";"2024-06-25T19:04:00.000Z";"2024-06-25T00:01:00.000Z";"2781";60266.2830663474;62258.2613349935;60239.7483511623;61804.6411680707;29201215430.56;1218587029578.41;"2024-06-25T23:59:59.999Z"
"2024-06-24T00:00:00.000Z";"2024-06-24T23:59:59.999Z";"2024-06-24T01:59:00.000Z";"2024-06-24T20:31:00.000Z";"2781";63173.3527128475;63292.5271566001;58601.7000722967;60277.4146563769;43152133650.56;1188446806983.14;"2024-06-24T23:59:59.999Z"
"2024-06-23T00:00:00.000Z";"2024-06-23T23:59:59.999Z";"2024-06-23T01:05:00.000Z";"2024-06-23T23:59:00.000Z";"2781";64248.9631741494;64491.7032159382;63180.7982064002;63180.7982064002;11170471802.36;1245656822237.84;"2024-06-23T23:59:59.999Z"
"2024-06-22T00:00:00.000Z";"2024-06-22T23:59:59.999Z";"2024-06-22T08:03:00.000Z";"2024-06-22T00:42:00.000Z";"2781";64113.8649019506;64475.4704949018;63929.7570626844;64252.5787467441;9858198792.61;1266764455740.04;"2024-06-22T23:59:59.999Z"
"2024-06-21T00:00:00.000Z";"2024-06-21T23:59:59.999Z";"2024-06-21T02:05:00.000Z";"2024-06-21T13:52:00.000Z";"2781";64837.9875894116;65007.5463719616;63378.8947090325;64096.1981877808;26188171739.19;1263661931352.75;"2024-06-21T23:59:59.999Z"
"2024-06-20T00:00:00.000Z";"2024-06-20T23:59:59.999Z";"2024-06-20T11:32:00.000Z";"2024-06-20T16:25:00.000Z";"2781";64960.2953009057;66438.9638782359;64547.8493233898;64828.6558115702;25641109124.03;1278081520105.03;"2024-06-20T23:59:59.999Z"
"2024-06-19T00:00:00.000Z";"2024-06-19T23:59:59.999Z";"2024-06-19T04:16:00.000Z";"2024-06-19T20:20:00.000Z";"2781";65146.6591196714;65695.354178078;64693.3023002155;64960.2953009057;21103423504.4;1280662535002.41;"2024-06-19T23:59:59.999Z"
"2024-06-18T00:00:00.000Z";"2024-06-18T23:59:59.999Z";"2024-06-18T00:02:00.000Z";"2024-06-18T19:56:00.000Z";"2781";66490.9770080024;66556.6994239639;64066.9556655973;65140.7445894597;39481285949.68;1284195191637.24;"2024-06-18T23:59:59.999Z"
"2024-06-17T00:00:00.000Z";"2024-06-17T23:59:59.999Z";"2024-06-17T18:35:00.000Z";"2024-06-17T14:02:00.000Z";"2781";66636.5154989442;67188.3174738561;65094.964125938;66490.2941752674;30006354475.77;1310771374540.33;"2024-06-17T23:59:59.999Z"
"2024-06-16T00:00:00.000Z";"2024-06-16T23:59:59.999Z";"2024-06-16T22:10:00.000Z";"2024-06-16T04:28:00.000Z";"2781";66189.3577903179;66894.8412447438;66018.2491743433;66639.0465356994;13281140540.78;1313672583954.16;"2024-06-16T23:59:59.999Z"
"2024-06-15T00:00:00.000Z";"2024-06-15T23:59:59.999Z";"2024-06-15T15:21:00.000Z";"2024-06-15T20:21:00.000Z";"2781";66006.7402466095;66402.1873506642;65871.7760536484;66191.0004703788;14121265575.81;1304788441997.33;"2024-06-15T23:59:59.999Z"
"2024-06-14T00:00:00.000Z";"2024-06-14T23:59:59.999Z";"2024-06-14T13:35:00.000Z";"2024-06-14T17:06:00.000Z";"2781";66747.5695108031;67294.6510506943;65056.8930142447;66011.0937273263;27403884779.06;1301221571383.53;"2024-06-14T23:59:59.999Z"
"2024-06-13T00:00:00.000Z";"2024-06-13T23:59:59.999Z";"2024-06-13T00:55:00.000Z";"2024-06-13T16:03:00.000Z";"2781";68243.1044352463;68365.7836010418;66304.5656045762;66756.3970935791;28955204145.83;1315894956574.15;"2024-06-13T23:59:59.999Z"
"2024-06-12T00:00:00.000Z";"2024-06-12T23:59:59.999Z";"2024-06-12T14:35:00.000Z";"2024-06-12T01:43:00.000Z";"2781";67321.3741025823;69977.8905524666;66902.4550653939;68241.1840753497;34497940693.82;1345134120906.92;"2024-06-12T23:59:59.999Z"
"2024-06-11T00:00:00.000Z";"2024-06-11T23:59:59.999Z";"2024-06-11T00:04:00.000Z";"2024-06-11T15:45:00.000Z";"2781";69508.0797260822;69549.4167266658;66123.5991587769;67332.0304641765;37116136345.4;1327182056471.57;"2024-06-11T23:59:59.999Z"
"2024-06-10T00:00:00.000Z";"2024-06-10T23:59:59.999Z";"2024-06-10T15:55:00.000Z";"2024-06-10T09:32:00.000Z";"2781";69644.3127359651;70146.068326324;69232.4254462119;69512.2802780003;20597699540.57;1370130002868.6;"2024-06-10T23:59:59.999Z"
"2024-06-09T00:00:00.000Z";"2024-06-09T23:59:59.999Z";"2024-06-09T19:29:00.000Z";"2024-06-09T02:40:00.000Z";"2781";69297.4948168382;69817.5222964172;69160.8417439313;69647.9930028748;13534028500.18;1372773642949.49;"2024-06-09T23:59:59.999Z"
"2024-06-08T00:00:00.000Z";"2024-06-08T23:59:59.999Z";"2024-06-08T08:00:00.000Z";"2024-06-08T13:30:00.000Z";"2781";69324.1765468448;69533.316965574;69210.7415576629;69305.7743187653;14262185861.29;1365997475511.83;"2024-06-08T23:59:59.999Z"
"2024-06-07T00:00:00.000Z";"2024-06-07T23:59:59.999Z";"2024-06-07T12:17:00.000Z";"2024-06-07T18:15:00.000Z";"2781";70759.1844842714;71907.8489829092;68507.2609412725;69342.5867361146;36188381096.17;1366686633129.09;"2024-06-07T23:59:59.999Z"
"2024-06-06T00:00:00.000Z";"2024-06-06T23:59:59.999Z";"2024-06-06T15:29:00.000Z";"2024-06-06T20:03:00.000Z";"2781";71082.840431362;71625.7372487098;70119.1230339739;70757.1658518634;25223152007.14;1394552080469.43;"2024-06-06T23:59:59.999Z"
"2024-06-05T00:00:00.000Z";"2024-06-05T23:59:59.999Z";"2024-06-05T16:15:00.000Z";"2024-06-05T14:17:00.000Z";"2781";70568.3502921197;71735.4109799185;70390.7126911347;71082.8227040099;32810771409.33;1400900832469.81;"2024-06-05T23:59:59.999Z"
"2024-06-04T00:00:00.000Z";"2024-06-04T23:59:59.999Z";"2024-06-04T18:26:00.000Z";"2024-06-04T09:54:00.000Z";"2781";68804.5672232513;71047.4060137136;68564.6432212861;70567.7689044147;33149696544.76;1390743617174.58;"2024-06-04T23:59:59.999Z"
"2024-06-03T00:00:00.000Z";"2024-06-03T23:59:59.999Z";"2024-06-03T13:50:00.000Z";"2024-06-03T00:39:00.000Z";"2781";67753.8954139676;70230.8208497634;67589.8364154256;68804.7800851881;32401285323.51;1355956442572.83;"2024-06-03T23:59:59.999Z"
"2024-06-02T00:00:00.000Z";"2024-06-02T23:59:59.999Z";"2024-06-02T14:35:00.000Z";"2024-06-02T19:19:00.000Z";"2781";67710.270892225;68409.1658300424;67315.5263140881;67751.6025754618;17110588415.4;1335227914032.14;"2024-06-02T23:59:59.999Z"
"2024-06-01T00:00:00.000Z";"2024-06-01T23:59:59.999Z";"2024-06-01T22:27:00.000Z";"2024-06-01T01:41:00.000Z";"2781";67489.6117770498;67839.7683994728;67386.1976053803;67706.9373135869;11641495603.74;1334337260766.87;"2024-06-01T23:59:59.999Z"
"2024-05-31T00:00:00.000Z";"2024-05-31T23:59:59.999Z";"2024-05-31T12:39:00.000Z";"2024-05-31T16:20:00.000Z";"2781";68362.5159429005;68999.5652381306;66633.4183418303;67491.4170108375;27387283769.48;1329961627933.33;"2024-05-31T23:59:59.999Z"
"2024-05-30T00:00:00.000Z";"2024-05-30T23:59:59.999Z";"2024-05-30T17:57:00.000Z";"2024-05-30T08:25:00.000Z";"2781";67576.0878952647;69500.5427031068;67118.0774248017;68364.9895474297;29509712533.79;1347131845678.66;"2024-05-30T23:59:59.999Z"
"2024-05-29T00:00:00.000Z";"2024-05-29T23:59:59.999Z";"2024-05-29T02:30:00.000Z";"2024-05-29T20:10:00.000Z";"2781";68296.3481343617;68852.4633049161;67101.4943279545;67578.0929202265;26707072905.64;1331600056889.42;"2024-05-29T23:59:59.999Z"
"2024-05-28T00:00:00.000Z";"2024-05-28T23:59:59.999Z";"2024-05-28T01:38:00.000Z";"2024-05-28T18:41:00.000Z";"2781";69392.1967670435;69514.6393490426;67227.1543961515;68296.2219884276;32722265965.17;1345757548563.5;"2024-05-28T23:59:59.999Z"
"2024-05-27T00:00:00.000Z";"2024-05-27T23:59:59.999Z";"2024-05-27T16:20:00.000Z";"2024-05-27T11:41:00.000Z";"2781";68512.1802655161;70597.8795113327;68232.5011318297;69394.5533738668;25870990716.7;1367374775956.02;"2024-05-27T23:59:59.999Z"
"2024-05-26T00:00:00.000Z";"2024-05-26T23:59:59.999Z";"2024-05-26T08:16:00.000Z";"2024-05-26T21:33:00.000Z";"2781";69264.2852545858;69506.2285421786;68183.8928078913;68518.089965076;15628433736.91;1349968658779.99;"2024-05-26T23:59:59.999Z"
"2024-05-25T00:00:00.000Z";"2024-05-25T23:59:59.999Z";"2024-05-25T11:29:00.000Z";"2024-05-25T00:59:00.000Z";"2781";68526.9222212624;69579.3213302478;68515.8188292747;69265.9427381597;15473071741.05;1364748567456.59;"2024-05-25T23:59:59.999Z"
"2024-05-24T00:00:00.000Z";"2024-05-24T23:59:59.999Z";"2024-05-24T20:00:00.000Z";"2024-05-24T08:28:00.000Z";"2781";67928.1302862087;69220.293943924;66622.668678968;68526.0977735946;29197308152.62;1350188278440.89;"2024-05-24T23:59:59.999Z"
"2024-05-23T00:00:00.000Z";"2024-05-23T23:59:59.999Z";"2024-05-23T12:10:00.000Z";"2024-05-23T20:01:00.000Z";"2781";69121.3029390876;70041.2713763247;66356.9536254419;67929.5630390052;41895680979.35;1338341012691.15;"2024-05-23T23:59:59.999Z"
"2024-05-22T00:00:00.000Z";"2024-05-22T23:59:59.999Z";"2024-05-22T16:16:00.000Z";"2024-05-22T21:10:00.000Z";"2781";70135.3186263525;70623.6942738307;68977.691411907;69122.3390056842;32802561717.06;1361828325233.73;"2024-05-22T23:59:59.999Z"
"2024-05-21T00:00:00.000Z";"2024-05-21T23:59:59.999Z";"2024-05-21T00:20:00.000Z";"2024-05-21T19:35:00.000Z";"2781";71443.0634407286;71946.462688481;69191.1235320329;70136.5314428893;46932005990.29;1381774907494.93;"2024-05-21T23:59:59.999Z"
"2024-05-20T00:00:00.000Z";"2024-05-20T23:59:59.999Z";"2024-05-20T23:38:00.000Z";"2024-05-20T01:34:00.000Z";"2781";66278.7446711611;71483.5662159473;66086.1741180514;71448.1951913786;43850655717.06;1407508223127.28;"2024-05-20T23:59:59.999Z"
"2024-05-19T00:00:00.000Z";"2024-05-19T23:59:59.999Z";"2024-05-19T10:38:00.000Z";"2024-05-19T19:51:00.000Z";"2781";66937.9300740777;67694.2987797957;65937.1778059728;66278.3700820502;19249094537.72;1305732230286.08;"2024-05-19T23:59:59.999Z"
"2024-05-18T00:00:00.000Z";"2024-05-18T23:59:59.999Z";"2024-05-18T11:09:00.000Z";"2024-05-18T15:14:00.000Z";"2781";67066.2110427919;67387.3303661433;66663.4965205979;66940.8044099749;16712277405.88;1318742415299.47;"2024-05-18T23:59:59.999Z"
"2024-05-17T00:00:00.000Z";"2024-05-17T23:59:59.999Z";"2024-05-17T15:34:00.000Z";"2024-05-17T01:28:00.000Z";"2781";65231.298680324;67459.459501861;65119.3149767952;67051.8749127217;28031279309.72;1321187121526.77;"2024-05-17T23:59:59.999Z"
"2024-05-16T00:00:00.000Z";"2024-05-16T23:59:59.999Z";"2024-05-16T12:31:00.000Z";"2024-05-16T17:39:00.000Z";"2781";66256.1118170564;66712.4293791061;64613.0560461696;65231.5803133093;31573077993.8;1285007856222.27;"2024-05-16T23:59:59.999Z"
"2024-05-15T00:00:00.000Z";"2024-05-15T23:59:59.999Z";"2024-05-15T23:44:00.000Z";"2024-05-15T00:49:00.000Z";"2781";61553.9898466732;66454.4499651706;61330.4087797256;66267.4914674742;39815167073.5;1305166889303.51;"2024-05-15T23:59:59.999Z"
"2024-05-14T00:00:00.000Z";"2024-05-14T23:59:59.999Z";"2024-05-14T00:38:00.000Z";"2024-05-14T14:20:00.000Z";"2781";62900.7740072673;63092.1251610829;61123.7665334497;61552.7901353372;28186271527.17;1212512959206.07;"2024-05-14T23:59:59.999Z"
"2024-05-13T00:00:00.000Z";"2024-05-13T23:59:59.999Z";"2024-05-13T16:29:00.000Z";"2024-05-13T03:22:00.000Z";"2781";61451.2185129853;63422.6603802151;60769.8406689419;62901.4474552226;27889181179.46;1239017433570.39;"2024-05-13T23:59:59.999Z"
"2024-05-12T00:00:00.000Z";"2024-05-12T23:59:59.999Z";"2024-05-12T16:22:00.000Z";"2024-05-12T07:35:00.000Z";"2781";60793.5020253167;61818.1548827464;60632.6024448204;61448.3946717975;13800459404.7;1210435745366.84;"2024-05-12T23:59:59.999Z"
"2024-05-11T00:00:00.000Z";"2024-05-11T23:59:59.999Z";"2024-05-11T15:19:00.000Z";"2024-05-11T11:18:00.000Z";"2781";60793.3570069146;61451.153731082;60492.6253742997;60793.7095993966;13842272967.56;1197453013828.78;"2024-05-11T23:59:59.999Z"
"2024-05-10T00:00:00.000Z";"2024-05-10T23:59:59.999Z";"2024-05-10T12:05:00.000Z";"2024-05-10T17:52:00.000Z";"2781";63055.1909954148;63446.742514866;60208.7815474421;60792.7767905692;27804954694.22;1197421098168.55;"2024-05-10T23:59:59.999Z"
"2024-05-09T00:00:00.000Z";"2024-05-09T23:59:59.999Z";"2024-05-09T22:53:00.000Z";"2024-05-09T11:05:00.000Z";"2781";61191.2005309392;63404.9153005351;60648.0754241275;63049.9592572275;25453338160.85;1241942293192.66;"2024-05-09T23:59:59.999Z"
"2024-05-08T00:00:00.000Z";"2024-05-08T23:59:59.999Z";"2024-05-08T04:22:00.000Z";"2024-05-08T23:24:00.000Z";"2781";62332.6425081457;62986.0842424385;60877.1275241843;61187.9414007209;26088172222.01;1205202182090.81;"2024-05-08T23:59:59.999Z"
"2024-05-07T00:00:00.000Z";"2024-05-07T23:59:59.999Z";"2024-05-07T08:38:00.000Z";"2024-05-07T23:58:00.000Z";"2781";63162.7633988645;64390.4567414101;62285.9791810284;62334.8183461472;25930730981.56;1227659657662.19;"2024-05-07T23:59:59.999Z"
"2024-05-06T00:00:00.000Z";"2024-05-06T23:59:59.999Z";"2024-05-06T08:46:00.000Z";"2024-05-06T19:17:00.000Z";"2781";64038.3135554184;65494.9017248;62746.2384545471;63161.9502576304;28697928697.49;1243984877329.17;"2024-05-06T23:59:59.999Z"
"2024-05-05T00:00:00.000Z";"2024-05-05T23:59:59.999Z";"2024-05-05T15:58:00.000Z";"2024-05-05T01:37:00.000Z";"2781";63892.4549874494;64610.8902147328;62955.3064762918;64031.1328085695;18296164805.46;1261203911121.78;"2024-05-05T23:59:59.999Z"
"2024-05-04T00:00:00.000Z";"2024-05-04T23:59:59.999Z";"2024-05-04T11:02:00.000Z";"2024-05-04T02:37:00.000Z";"2781";62891.0305478435;64494.9584257589;62599.3531468395;63891.4729184709;20620477991.84;1258304781123.06;"2024-05-04T23:59:59.999Z"
"2024-05-03T00:00:00.000Z";"2024-05-03T23:59:59.999Z";"2024-05-03T23:32:00.000Z";"2024-05-03T00:34:00.000Z";"2781";59122.3008516113;63320.5033894935;58848.3120591606;62889.8367440854;33172023048.2;1238554321094.73;"2024-05-03T23:59:59.999Z"
"2024-05-02T00:00:00.000Z";"2024-05-02T23:59:59.999Z";"2024-05-02T21:38:00.000Z";"2024-05-02T01:39:00.000Z";"2781";58253.7047001798;59602.2980278408;56937.2041675081;59123.432246675;32711813559.09;1164330817512.3;"2024-05-02T23:59:59.999Z"
"2024-05-01T00:00:00.000Z";"2024-05-01T23:59:59.999Z";"2024-05-01T00:13:00.000Z";"2024-05-01T08:24:00.000Z";"2781";60609.4979456889;60780.4996773697;56555.2940546252;58254.0098531432;48439780271.06;1147184157457.92;"2024-05-01T23:59:59.999Z"
"2024-04-30T00:00:00.000Z";"2024-04-30T23:59:59.999Z";"2024-04-30T00:57:00.000Z";"2024-04-30T20:00:00.000Z";"2781";63839.419865918;64703.332363219;59120.0680465683;60636.8567800147;37840840057.21;1193544962108.24;"2024-04-30T23:59:59.999Z"
"2024-04-29T00:00:00.000Z";"2024-04-29T23:59:59.999Z";"2024-04-29T23:09:00.000Z";"2024-04-29T13:51:00.000Z";"2781";63106.3642006694;64174.8777212994;61795.4572006942;63841.1201641904;26635912073.23;1257121259561.43;"2024-04-29T23:59:59.999Z"
"2024-04-28T00:00:00.000Z";"2024-04-28T23:59:59.999Z";"2024-04-28T03:16:00.000Z";"2024-04-28T23:17:00.000Z";"2781";63423.5139265635;64321.482807962;62793.5987661365;63113.2316825626;17334827992.62;1242661116273.87;"2024-04-28T23:59:59.999Z"
"2024-04-27T00:00:00.000Z";"2024-04-27T23:59:59.999Z";"2024-04-27T00:16:00.000Z";"2024-04-27T01:19:00.000Z";"2781";63750.9901461159;63898.3615918925;62424.7206816789;63419.141196433;19530783038.96;1248878755079.36;"2024-04-27T23:59:59.999Z"
"2024-04-26T00:00:00.000Z";"2024-04-26T23:59:59.999Z";"2024-04-26T14:19:00.000Z";"2024-04-26T16:10:00.000Z";"2781";64485.3699318773;64789.6575058214;63322.3996366721;63755.3213316848;24139372950.15;1255299007879.53;"2024-04-26T23:59:59.999Z"
"2024-04-25T00:00:00.000Z";"2024-04-25T23:59:59.999Z";"2024-04-25T21:19:00.000Z";"2024-04-25T13:22:00.000Z";"2781";64275.0210186857;65275.2075178735;62783.6332731569;64481.7066444767;32155786816.01;1269733248757.26;"2024-04-25T23:59:59.999Z"
"2024-04-24T00:00:00.000Z";"2024-04-24T23:59:59.999Z";"2024-04-24T05:05:00.000Z";"2024-04-24T20:23:00.000Z";"2781";66408.7220661493;67075.3696458104;63589.8719293202;64276.8974153965;30276655120.02;1265561280453.39;"2024-04-24T23:59:59.999Z"
"2024-04-23T00:00:00.000Z";"2024-04-23T23:59:59.999Z";"2024-04-23T01:16:00.000Z";"2024-04-23T12:47:00.000Z";"2781";66839.8945118829;67199.2419461881;65864.8676587883;66407.2717994139;24310975583.48;1307512895862.02;"2024-04-23T23:59:59.999Z"
"2024-04-22T00:00:00.000Z";"2024-04-22T23:59:59.999Z";"2024-04-22T23:13:00.000Z";"2024-04-22T02:09:00.000Z";"2781";64935.6331696056;67233.9570363906;64548.1785840354;66837.676090911;28282686673.3;1315994975669.26;"2024-04-22T23:59:59.999Z"
"2024-04-21T00:00:00.000Z";"2024-04-21T23:59:59.999Z";"2024-04-21T03:13:00.000Z";"2024-04-21T16:39:00.000Z";"2781";64992.8166095876;65723.2398284521;64277.7214286576;64926.643211728;20506644853.02;1278296008665.19;"2024-04-21T23:59:59.999Z"
"2024-04-20T00:00:00.000Z";"2024-04-20T23:59:59.999Z";"2024-04-20T17:32:00.000Z";"2024-04-20T01:04:00.000Z";"2781";63851.1000364476;65442.4589541453;63172.4039086034;64994.4400680992;23097485494.81;1279569409422.42;"2024-04-20T23:59:59.999Z"
"2024-04-19T00:00:00.000Z";"2024-04-19T23:59:59.999Z";"2024-04-19T12:22:00.000Z";"2024-04-19T02:31:00.000Z";"2781";63510.7503198651;65481.5970540573;59651.3902645616;63843.568502442;49920425400.63;1257063743135.06;"2024-04-19T23:59:59.999Z"
"2024-04-18T00:00:00.000Z";"2024-04-18T23:59:59.999Z";"2024-04-18T15:11:00.000Z";"2024-04-18T06:43:00.000Z";"2781";61275.315409319;64125.6864154228;60833.4792210451;63512.7534949431;36006307334.72;1250301972763.52;"2024-04-18T23:59:59.999Z"
"2024-04-17T00:00:00.000Z";"2024-04-17T23:59:59.999Z";"2024-04-17T05:20:00.000Z";"2024-04-17T16:08:00.000Z";"2781";63831.8472221937;64486.3647097877;59768.58779218;61276.6932586277;41915247048.65;1206240184790.7;"2024-04-17T23:59:59.999Z"
"2024-04-16T00:00:00.000Z";"2024-04-16T23:59:59.999Z";"2024-04-16T21:51:00.000Z";"2024-04-16T10:32:00.000Z";"2781";63419.298487949;64355.6692631642;61716.4023286062;63811.8639407202;42847528078.04;1256510316191.79;"2024-04-16T23:59:59.999Z"
"2024-04-15T00:00:00.000Z";"2024-04-15T23:59:59.999Z";"2024-04-15T09:23:00.000Z";"2024-04-15T19:08:00.000Z";"2781";65739.6445392053;66878.6469049673;62332.0715244205;63426.2100184061;43595917653.69;1248326445647.25;"2024-04-15T23:59:59.999Z"
"2024-04-14T00:00:00.000Z";"2024-04-14T23:59:59.999Z";"2024-04-14T23:23:00.000Z";"2024-04-14T03:15:00.000Z";"2781";63836.2318365827;65824.4270830711;62205.8517191109;65738.723886878;49084320047;1293922154520.65;"2024-04-14T23:59:59.999Z"
"2024-04-13T00:00:00.000Z";"2024-04-13T23:59:59.999Z";"2024-04-13T04:50:00.000Z";"2024-04-13T20:10:00.000Z";"2781";67188.376427327;67931.4293637379;60919.10616167;63821.4738846918;52869738184.63;1256414309701.84;"2024-04-13T23:59:59.999Z"
"2024-04-12T00:00:00.000Z";"2024-04-12T23:59:59.999Z";"2024-04-12T04:55:00.000Z";"2024-04-12T18:37:00.000Z";"2781";70061.3796014563;71222.7429794419;65254.8343448545;67195.8641789992;44129299406.24;1322318848762.9;"2024-04-12T23:59:59.999Z"
"2024-04-11T00:00:00.000Z";"2024-04-11T23:59:59.999Z";"2024-04-11T07:25:00.000Z";"2024-04-11T15:01:00.000Z";"2781";70575.7321640038;71256.2381299908;69571.8149746539;70060.607060739;30153382941.04;1378806199022.17;"2024-04-11T23:59:59.999Z"
"2024-04-10T00:00:00.000Z";"2024-04-10T23:59:59.999Z";"2024-04-10T22:26:00.000Z";"2024-04-10T13:51:00.000Z";"2781";69140.2406434559;71093.4331610893;67503.5656131505;70587.8794391434;38318601774.43;1388869502130.74;"2024-04-10T23:59:59.999Z"
"2024-04-09T00:00:00.000Z";"2024-04-09T23:59:59.999Z";"2024-04-09T00:16:00.000Z";"2024-04-09T17:13:00.000Z";"2781";71632.5026622314;71742.5063235516;68212.9193016207;69139.0158316976;36426900409.13;1360554169765.49;"2024-04-09T23:59:59.999Z"
"2024-04-08T00:00:00.000Z";"2024-04-08T23:59:59.999Z";"2024-04-08T12:13:00.000Z";"2024-04-08T00:36:00.000Z";"2781";69362.5540045166;72715.3596085505;69064.2448983065;71631.3569464587;37261432669.09;1409529731787.86;"2024-04-08T23:59:59.999Z"
"2024-04-07T00:00:00.000Z";"2024-04-07T23:59:59.999Z";"2024-04-07T16:43:00.000Z";"2024-04-07T00:30:00.000Z";"2781";68897.1111298945;70284.4262649904;68851.6300899912;69362.5512776015;21204930368.78;1364795785582.02;"2024-04-07T23:59:59.999Z"
"2024-04-06T00:00:00.000Z";"2024-04-06T23:59:59.999Z";"2024-04-06T23:10:00.000Z";"2024-04-06T02:38:00.000Z";"2781";67840.573581488;69629.6020485463;67491.715235203;68896.1099842787;19967785808.97;1355566990096.02;"2024-04-06T23:59:59.999Z"
"2024-04-05T00:00:00.000Z";"2024-04-05T23:59:59.999Z";"2024-04-05T00:57:00.000Z";"2024-04-05T12:38:00.000Z";"2781";68515.7542604507;68725.7583568213;66011.4794922177;67837.6425319939;33748230055.84;1334713625915.92;"2024-04-05T23:59:59.999Z"
"2024-04-04T00:00:00.000Z";"2024-04-04T23:59:59.999Z";"2024-04-04T18:03:00.000Z";"2024-04-04T04:24:00.000Z";"2781";65975.6966672092;69291.2548057891;65113.7965341332;68508.8418444563;34439527441.54;1347932221575.71;"2024-04-04T23:59:59.999Z"
"2024-04-03T00:00:00.000Z";"2024-04-03T23:59:59.999Z";"2024-04-03T14:30:00.000Z";"2024-04-03T00:39:00.000Z";"2781";65446.671763903;66914.322564305;64559.8999476563;65980.8086503925;34488018367.47;1297904385609.21;"2024-04-03T23:59:59.999Z"
"2024-04-02T00:00:00.000Z";"2024-04-02T23:59:59.999Z";"2024-04-02T00:00:00.000Z";"2024-04-02T13:34:00.000Z";"2781";69705.0243224739;69708.3812579704;64586.5943036175;65446.9742329379;50705240709.24;1287439112104;"2024-04-02T23:59:59.999Z"
"2024-04-01T00:00:00.000Z";"2024-04-01T23:59:59.999Z";"2024-04-01T00:00:00.000Z";"2024-04-01T16:01:00.000Z";"2781";71333.4847168797;71342.0914544441;68110.6960199927;69702.1461134383;34873527352.32;1371141394063.27;"2024-04-01T23:59:59.999Z"
"2024-03-31T00:00:00.000Z";"2024-03-31T23:59:59.999Z";"2024-03-31T23:58:00.000Z";"2024-03-31T00:01:00.000Z";"2781";69647.7790304267;71377.77949815;69624.8686769617;71333.6479258644;20050941372.83;1403108244335.61;"2024-03-31T23:59:59.999Z"
"2024-03-30T00:00:00.000Z";"2024-03-30T23:59:59.999Z";"2024-03-30T05:07:00.000Z";"2024-03-30T23:31:00.000Z";"2781";69893.4442882606;70355.4947898488;69601.0650591163;69645.3057915427;17130241882.57;1369892136469.29;"2024-03-30T23:59:59.999Z"
"2024-03-29T00:00:00.000Z";"2024-03-29T23:59:59.999Z";"2024-03-29T01:41:00.000Z";"2024-03-29T15:41:00.000Z";"2781";70744.7965151497;70913.0957242694;69076.6541876152;69892.8290676804;25230851762.56;1374656364302.31;"2024-03-29T23:59:59.999Z"
"2024-03-28T00:00:00.000Z";"2024-03-28T23:59:59.999Z";"2024-03-28T15:00:00.000Z";"2024-03-28T02:46:00.000Z";"2781";69452.7711054015;71546.0195998392;68895.5052267084;70744.95206404;34374900617.48;1391336144443.54;"2024-03-28T23:59:59.999Z"
"2024-03-27T00:00:00.000Z";"2024-03-27T23:59:59.999Z";"2024-03-27T13:31:00.000Z";"2024-03-27T18:21:00.000Z";"2781";69991.8965149852;71727.6837626186;68381.9258471035;69455.3409809589;40827113309.13;1365860349594.74;"2024-03-27T23:59:59.999Z"
"2024-03-26T00:00:00.000Z";"2024-03-26T23:59:59.999Z";"2024-03-26T07:30:00.000Z";"2024-03-26T14:33:00.000Z";"2781";69931.326350589;71535.7408017335;69335.612905687;69987.8389025111;36010437368.41;1376403313500.46;"2024-03-26T23:59:59.999Z"
"2024-03-25T00:00:00.000Z";"2024-03-25T23:59:59.999Z";"2024-03-25T20:02:00.000Z";"2024-03-25T02:18:00.000Z";"2781";67234.0975756782;71162.5934370206;66414.8322302473;69958.8135820151;42700139522.64;1375150091236.61;"2024-03-25T23:59:59.999Z"
"2024-03-24T00:00:00.000Z";"2024-03-24T23:59:59.999Z";"2024-03-24T23:16:00.000Z";"2024-03-24T04:41:00.000Z";"2781";64070.752131174;67622.7608864492;63825.8533377133;67234.1723529876;27206630673.06;1322058484488.52;"2024-03-24T23:59:59.999Z"
"2024-03-23T00:00:00.000Z";"2024-03-23T23:59:59.999Z";"2024-03-23T17:36:00.000Z";"2024-03-23T03:37:00.000Z";"2781";63802.7219633034;65976.4015374461;63038.4930847102;64062.2023270844;24738964812.32;1259788729090.63;"2024-03-23T23:59:59.999Z"
"2024-03-22T00:00:00.000Z";"2024-03-22T23:59:59.999Z";"2024-03-22T06:11:00.000Z";"2024-03-22T21:41:00.000Z";"2781";65489.9284596836;66623.7492992082;62355.3697078192;63778.7625575478;41401116964.03;1254457600697.83;"2024-03-22T23:59:59.999Z"
"2024-03-21T00:00:00.000Z";"2024-03-21T23:59:59.999Z";"2024-03-21T00:45:00.000Z";"2024-03-21T20:05:00.000Z";"2781";67911.5838668811;68199.9904381971;64580.9167386845;65491.3899253579;44480350564.9;1287574561970.88;"2024-03-21T23:59:59.999Z"
"2024-03-20T00:00:00.000Z";"2024-03-20T23:59:59.999Z";"2024-03-20T22:17:00.000Z";"2024-03-20T05:34:00.000Z";"2781";61930.15489599;68115.2588663162;60807.785959948;67913.6730250434;66792634382.18;1335131959554.81;"2024-03-20T23:59:59.999Z"
"2024-03-19T00:00:00.000Z";"2024-03-19T23:59:59.999Z";"2024-03-19T00:21:00.000Z";"2024-03-19T23:27:00.000Z";"2781";67556.1311558065;68106.9274067598;61536.1802464548;61912.7731524471;74215844794.11;1217479093665.71;"2024-03-19T23:59:59.999Z"
"2024-03-18T00:00:00.000Z";"2024-03-18T23:59:59.999Z";"2024-03-18T05:37:00.000Z";"2024-03-18T17:10:00.000Z";"2781";68371.3072649579;68897.1344141915;66594.2303507649;67548.5915664071;49261579492.09;1328015048454.29;"2024-03-18T23:59:59.999Z"
"2024-03-17T00:00:00.000Z";"2024-03-17T23:59:59.999Z";"2024-03-17T22:41:00.000Z";"2024-03-17T07:23:00.000Z";"2781";65316.3448826515;68845.716235111;64545.3181028634;68390.6228032209;44716864318.25;1343978205472.65;"2024-03-17T23:59:59.999Z"
"2024-03-16T00:00:00.000Z";"2024-03-16T23:59:59.999Z";"2024-03-16T00:24:00.000Z";"2024-03-16T23:19:00.000Z";"2781";69392.4875002576;70046.2739253852;64801.3955477261;65315.1174741194;46842198370.83;1283870289169.9;"2024-03-16T23:59:59.999Z"
"2024-03-15T00:00:00.000Z";"2024-03-15T23:59:59.999Z";"2024-03-15T00:36:00.000Z";"2024-03-15T09:15:00.000Z";"2781";71387.8732028734;72357.1308820082;65630.6940828298;69403.7718321646;78320453975.56;1363928841106.55;"2024-03-15T23:59:59.999Z"
"2024-03-14T00:00:00.000Z";"2024-03-14T23:59:59.999Z";"2024-03-14T07:07:00.000Z";"2024-03-14T19:44:00.000Z";"2781";73079.3733787985;73750.07385038;68563.0227681066;71396.5898919832;59594605698.01;1403092953865.88;"2024-03-14T23:59:59.999Z"
"2024-03-13T00:00:00.000Z";"2024-03-13T23:59:59.999Z";"2024-03-13T08:30:00.000Z";"2024-03-13T00:22:00.000Z";"2781";71482.1170682073;73637.4747859581;71334.092382423;73083.5013282129;48212536929.31;1436271822605.71;"2024-03-13T23:59:59.999Z"
"2024-03-12T00:00:00.000Z";"2024-03-12T23:59:59.999Z";"2024-03-12T14:08:00.000Z";"2024-03-12T17:23:00.000Z";"2781";72125.1216267045;72825.6573705477;68728.8543331391;71481.2915939556;62554434520.34;1404810311680.06;"2024-03-12T23:59:59.999Z"
"2024-03-11T00:00:00.000Z";"2024-03-11T23:59:59.999Z";"2024-03-11T19:19:00.000Z";"2024-03-11T00:53:00.000Z";"2781";69020.5497746578;72850.7135799679;67194.8861518091;72123.9035465021;65716656764.81;1417380747795.66;"2024-03-11T23:59:59.999Z"
"2024-03-10T00:00:00.000Z";"2024-03-10T23:59:59.999Z";"2024-03-10T10:22:00.000Z";"2024-03-10T22:58:00.000Z";"2781";68500.2558542071;70005.1999005997;68239.9803865003;69019.7863638058;35683977531.52;1356284493147.36;"2024-03-10T23:59:59.999Z"
"2024-03-09T00:00:00.000Z";"2024-03-09T23:59:59.999Z";"2024-03-09T07:12:00.000Z";"2024-03-09T02:02:00.000Z";"2781";68299.2597262835;68673.0580341934;68053.1252189707;68498.8813040087;21609650379.03;1346014614977.61;"2024-03-09T23:59:59.999Z"
"2024-03-08T00:00:00.000Z";"2024-03-08T23:59:59.999Z";"2024-03-08T15:32:00.000Z";"2024-03-08T16:13:00.000Z";"2781";66938.093484834;70083.0516244158;66230.4521398548;68300.0956913071;59202881172.24;1341992893970.51;"2024-03-08T23:59:59.999Z"
"2024-03-07T00:00:00.000Z";"2024-03-07T23:59:59.999Z";"2024-03-07T17:26:00.000Z";"2024-03-07T01:11:00.000Z";"2781";66099.7416524941;68029.9186923244;65655.5342002876;66925.4832022114;46989543159.21;1315182056071.44;"2024-03-07T23:59:59.999Z"
"2024-03-06T00:00:00.000Z";"2024-03-06T23:59:59.999Z";"2024-03-06T08:35:00.000Z";"2024-03-06T03:00:00.000Z";"2781";63776.0514257971;67637.9298587807;62848.6715193177;66106.8027872293;68750229073.49;1298635184349.89;"2024-03-06T23:59:59.999Z"
"2024-03-05T00:00:00.000Z";"2024-03-05T23:59:59.999Z";"2024-03-05T15:05:00.000Z";"2024-03-05T19:58:00.000Z";"2781";68341.0577818122;69170.6282056586;59323.9089421326;63801.1975606416;102802940877.32;1252930339355.95;"2024-03-05T23:59:59.999Z"
"2024-03-04T00:00:00.000Z";"2024-03-04T23:59:59.999Z";"2024-03-04T23:14:00.000Z";"2024-03-04T00:50:00.000Z";"2781";63137.0046815427;68537.0293331006;62386.5183529378;68330.4156080938;70670471104.67;1342332633739.21;"2024-03-04T23:59:59.999Z"
"2024-03-03T00:00:00.000Z";"2024-03-03T23:59:59.999Z";"2024-03-03T22:29:00.000Z";"2024-03-03T07:33:00.000Z";"2781";62031.5785228643;63230.2095633987;61435.0234212545;63167.3703575333;26253811449.72;1240856664934.87;"2024-03-03T23:59:59.999Z"
"2024-03-02T00:00:00.000Z";"2024-03-02T23:59:59.999Z";"2024-03-02T00:06:00.000Z";"2024-03-02T14:07:00.000Z";"2781";62431.6524817224;62458.698522363;61657.2887063873;62029.8460575718;23888473684.9;1218449164616.58;"2024-03-02T23:59:59.999Z"
"2024-03-01T00:00:00.000Z";"2024-03-01T23:59:59.999Z";"2024-03-01T20:59:00.000Z";"2024-03-01T03:30:00.000Z";"2781";61168.0624293716;63155.102346449;60802.5263580781;62440.632541801;40186368422.95;1226468270480.94;"2024-03-01T23:59:59.999Z"
"2024-02-29T00:00:00.000Z";"2024-02-29T23:59:59.999Z";"2024-02-29T06:47:00.000Z";"2024-02-29T18:51:00.000Z";"2781";62499.1817682341;63585.6434285071;60498.7304458524;61198.382897303;65496611843.55;1202008882583.53;"2024-02-29T23:59:59.999Z"
"2024-02-28T00:00:00.000Z";"2024-02-28T23:59:59.999Z";"2024-02-28T17:16:00.000Z";"2024-02-28T02:07:00.000Z";"2781";57071.0980532704;63913.1318135774;56738.424203497;62504.7892535158;83239156760.06;1227615937615.29;"2024-02-28T23:59:59.999Z"
"2024-02-27T00:00:00.000Z";"2024-02-27T23:59:59.999Z";"2024-02-27T19:55:00.000Z";"2024-02-27T00:43:00.000Z";"2781";54519.3620670787;57537.8396586629;54484.2001385158;57085.3723068546;49756832031.01;1121125657664.09;"2024-02-27T23:59:59.999Z"
"2024-02-26T00:00:00.000Z";"2024-02-26T23:59:59.999Z";"2024-02-26T20:10:00.000Z";"2024-02-26T09:58:00.000Z";"2781";51730.5397930603;54938.1743804336;50931.0316078668;54522.4015367874;34074411896.32;1070743961954.77;"2024-02-26T23:59:59.999Z"
"2024-02-25T00:00:00.000Z";"2024-02-25T23:59:59.999Z";"2024-02-25T20:27:00.000Z";"2024-02-25T16:47:00.000Z";"2781";51565.2153639478;51950.0272382597;51306.1701727499;51733.2366017007;15413239244.6;1015926591604.23;"2024-02-25T23:59:59.999Z"
"2024-02-24T00:00:00.000Z";"2024-02-24T23:59:59.999Z";"2024-02-24T18:16:00.000Z";"2024-02-24T02:03:00.000Z";"2781";50736.3700672672;51684.1945188496;50585.4458895025;51571.1031123439;15174077878.77;1012689168467.94;"2024-02-24T23:59:59.999Z"
"2024-02-23T00:00:00.000Z";"2024-02-23T23:59:59.999Z";"2024-02-23T01:39:00.000Z";"2024-02-23T23:18:00.000Z";"2781";51283.9045735482;51497.932192527;50561.7758617907;50731.9491908572;21427078269.5;996165857694.38;"2024-02-23T23:59:59.999Z"
"2024-02-22T00:00:00.000Z";"2024-02-22T23:59:59.999Z";"2024-02-22T20:32:00.000Z";"2024-02-22T13:50:00.000Z";"2781";51854.6452196827;52009.6124946062;50926.2933856684;51304.9743566764;25413900610.68;1007369631450.12;"2024-02-22T23:59:59.999Z"
"2024-02-21T00:00:00.000Z";"2024-02-21T23:59:59.999Z";"2024-02-21T00:14:00.000Z";"2024-02-21T19:03:00.000Z";"2781";52273.5357770647;52368.8167437199;50671.7586626541;51839.180531431;28624907019.65;1017814980562.83;"2024-02-21T23:59:59.999Z"
"2024-02-20T00:00:00.000Z";"2024-02-20T23:59:59.999Z";"2024-02-20T13:46:00.000Z";"2024-02-20T17:25:00.000Z";"2781";51777.7285112097;52945.0525658512;50792.3112523534;52284.8735570538;33353758255.74;1026519013526.24;"2024-02-20T23:59:59.999Z"
"2024-02-19T00:00:00.000Z";"2024-02-19T23:59:59.999Z";"2024-02-19T07:31:00.000Z";"2024-02-19T21:43:00.000Z";"2781";52134.8122142975;52483.3255526759;51711.8192277814;51779.1440620507;21362184346.21;1016544621994;"2024-02-19T23:59:59.999Z"
"2024-02-18T00:00:00.000Z";"2024-02-18T23:59:59.999Z";"2024-02-18T23:21:00.000Z";"2024-02-18T02:49:00.000Z";"2781";51661.9701145538;52356.9631646469;51233.7088307033;52122.5454555893;17595377310.88;1023243073518.32;"2024-02-18T23:59:59.999Z"
"2024-02-17T00:00:00.000Z";"2024-02-17T23:59:59.999Z";"2024-02-17T00:02:00.000Z";"2024-02-17T14:49:00.000Z";"2781";52161.6754757898;52191.9140895083;50669.6686753007;51662.9953696527;20009091006.1;1014181383158.99;"2024-02-17T23:59:59.999Z"
"2024-02-16T00:00:00.000Z";"2024-02-16T23:59:59.999Z";"2024-02-16T14:01:00.000Z";"2024-02-16T09:11:00.000Z";"2781";51937.726913942;52537.9702279417;51641.3672186264;52160.2028290199;28180567297.56;1023893671410.46;"2024-02-16T23:59:59.999Z"
"2024-02-15T00:00:00.000Z";"2024-02-15T23:59:59.999Z";"2024-02-15T14:52:00.000Z";"2024-02-15T22:00:00.000Z";"2781";51836.7835750689;52820.0669345775;51371.6274837126;51938.5563164417;38564360532.5;1019499948270.3;"2024-02-15T23:59:59.999Z"
"2024-02-14T00:00:00.000Z";"2024-02-14T23:59:59.999Z";"2024-02-14T14:38:00.000Z";"2024-02-14T04:37:00.000Z";"2781";49733.4447985071;52021.3707787094;49296.8309233025;51826.6959960877;39105608049.68;1017254026224.34;"2024-02-14T23:59:59.999Z"
"2024-02-13T00:00:00.000Z";"2024-02-13T23:59:59.999Z";"2024-02-13T01:37:00.000Z";"2024-02-13T17:13:00.000Z";"2781";49941.3611618475;50358.3920857078;48406.495563553;49742.4409898499;35593051468.37;976299863551.89;"2024-02-13T23:59:59.999Z"
"2024-02-12T00:00:00.000Z";"2024-02-12T23:59:59.999Z";"2024-02-12T21:15:00.000Z";"2024-02-12T10:08:00.000Z";"2781";48296.3851963696;50280.4752743247;47745.760261073;49958.2242190229;34511985804.6;980490999415.43;"2024-02-12T23:59:59.999Z"
"2024-02-11T00:00:00.000Z";"2024-02-11T23:59:59.999Z";"2024-02-11T04:01:00.000Z";"2024-02-11T01:29:00.000Z";"2781";47768.9681304591;48535.9359097846;47617.4053651872;48293.916750573;19315867135.91;947774152969.59;"2024-02-11T23:59:59.999Z"
"2024-02-10T00:00:00.000Z";"2024-02-10T23:59:59.999Z";"2024-02-10T20:48:00.000Z";"2024-02-10T10:54:00.000Z";"2781";47153.5284248774;48146.1704309785;46905.3216858143;47771.2773670997;16398681569.88;937476684153.25;"2024-02-10T23:59:59.999Z"
"2024-02-09T00:00:00.000Z";"2024-02-09T23:59:59.999Z";"2024-02-09T18:25:00.000Z";"2024-02-09T00:50:00.000Z";"2781";45297.3842529508;48152.494627699;45260.8245721867;47147.2003126111;39316770843.67;925184504544.07;"2024-02-09T23:59:59.999Z"
"2024-02-08T00:00:00.000Z";"2024-02-08T23:59:59.999Z";"2024-02-08T20:18:00.000Z";"2024-02-08T00:00:00.000Z";"2781";44332.1256023337;45575.8417211487;44332.1256023337;45301.5666288709;26154524080.46;888921474480.5;"2024-02-08T23:59:59.999Z"
"2024-02-07T00:00:00.000Z";"2024-02-07T23:59:59.999Z";"2024-02-07T21:32:00.000Z";"2024-02-07T03:59:00.000Z";"2781";43090.0212972066;44341.9483326736;42775.9584713438;44318.2244507353;21126587774.95;869585299010.09;"2024-02-07T23:59:59.999Z"
"2024-02-06T00:00:00.000Z";"2024-02-06T23:59:59.999Z";"2024-02-06T16:31:00.000Z";"2024-02-06T01:05:00.000Z";"2781";42657.3910738742;43344.148217751;42529.0214234132;43084.6718635339;16798476725.59;845338495831.28;"2024-02-06T23:59:59.999Z"
"2024-02-05T00:00:00.000Z";"2024-02-05T23:59:59.999Z";"2024-02-05T13:38:00.000Z";"2024-02-05T01:14:00.000Z";"2781";42577.6229811484;43494.2486315872;42264.8172969015;42658.66604833;18715487317.32;836936067591.3;"2024-02-05T23:59:59.999Z"
"2024-02-04T00:00:00.000Z";"2024-02-04T23:59:59.999Z";"2024-02-04T12:38:00.000Z";"2024-02-04T22:41:00.000Z";"2781";42994.9407957104;43097.644016457;42374.8339024291;42583.5829201294;14802225490.25;835421763160.27;"2024-02-04T23:59:59.999Z"
"2024-02-03T00:00:00.000Z";"2024-02-03T23:59:59.999Z";"2024-02-03T00:29:00.000Z";"2024-02-03T15:11:00.000Z";"2781";43184.9636789534;43359.9419263118;42890.8066758177;42992.2496292216;11169245236.24;843398823395.77;"2024-02-03T23:59:59.999Z"
"2024-02-02T00:00:00.000Z";"2024-02-02T23:59:59.999Z";"2024-02-02T16:06:00.000Z";"2024-02-02T13:51:00.000Z";"2781";43077.6391761328;43422.4880666837;42584.337230227;43185.8594322356;18603843039.33;847154029604.95;"2024-02-02T23:59:59.999Z"
"2024-02-01T00:00:00.000Z";"2024-02-01T23:59:59.999Z";"2024-02-01T19:52:00.000Z";"2024-02-01T01:38:00.000Z";"2781";42569.7613984399;43243.1681801413;41879.1899911815;43075.7745999369;21423953779.18;844943939979.73;"2024-02-01T23:59:59.999Z"
"2024-01-31T00:00:00.000Z";"2024-01-31T23:59:59.999Z";"2024-01-31T18:00:00.000Z";"2024-01-31T21:30:00.000Z";"2781";42946.251373978;43717.4046564783;42298.9471563758;42582.6063895367;24673628793.16;835231465697.41;"2024-01-31T23:59:59.999Z"
"2024-01-30T00:00:00.000Z";"2024-01-30T23:59:59.999Z";"2024-01-30T12:24:00.000Z";"2024-01-30T23:47:00.000Z";"2781";43300.2280935041;43838.9468441061;42711.371764431;42952.6082102489;23842814517.72;842451754278.67;"2024-01-30T23:59:59.999Z"
"2024-01-29T00:00:00.000Z";"2024-01-29T23:59:59.999Z";"2024-01-29T23:49:00.000Z";"2024-01-29T14:52:00.000Z";"2781";42030.9153796232;43305.868859591;41818.3310863757;43288.2453360835;20668476578.33;848995300207.95;"2024-01-29T23:59:59.999Z"
"2024-01-28T00:00:00.000Z";"2024-01-28T23:59:59.999Z";"2024-01-28T05:20:00.000Z";"2024-01-28T20:16:00.000Z";"2781";42126.1259571253;42797.1773592875;41696.9083425677;42035.5943721701;16858971687.07;824387868796.11;"2024-01-28T23:59:59.999Z"
"2024-01-27T00:00:00.000Z";"2024-01-27T23:59:59.999Z";"2024-01-27T22:30:00.000Z";"2024-01-27T09:01:00.000Z";"2781";41815.625020172;42195.6315569807;41431.2798936061;42120.0563516849;11422941934.26;826001135532.44;"2024-01-27T23:59:59.999Z"
"2024-01-26T00:00:00.000Z";"2024-01-26T23:59:59.999Z";"2024-01-26T20:14:00.000Z";"2024-01-26T01:11:00.000Z";"2781";39936.8168833334;42209.3851748614;39825.6922313522;41816.8728440034;25598119893.13;820011355201.19;"2024-01-26T23:59:59.999Z"
"2024-01-25T00:00:00.000Z";"2024-01-25T23:59:59.999Z";"2024-01-25T11:30:00.000Z";"2024-01-25T17:18:00.000Z";"2781";40075.5490213235;40254.4823232698;39545.6644584551;39933.80775217;18491782013.19;783046781497.74;"2024-01-25T23:59:59.999Z"
"2024-01-24T00:00:00.000Z";"2024-01-24T23:59:59.999Z";"2024-01-24T10:50:00.000Z";"2024-01-24T20:57:00.000Z";"2781";39877.5955582972;40483.7838777778;39508.7984636234;40077.073269779;22359526178.02;785809931670.85;"2024-01-24T23:59:59.999Z"
"2024-01-23T00:00:00.000Z";"2024-01-23T23:59:59.999Z";"2024-01-23T04:27:00.000Z";"2024-01-23T14:24:00.000Z";"2781";39518.7154526761;40127.3534273434;38521.8938882205;39845.5511467999;29244553045.3;781234029910.6;"2024-01-23T23:59:59.999Z"
"2024-01-22T00:00:00.000Z";"2024-01-22T23:59:59.999Z";"2024-01-22T01:05:00.000Z";"2024-01-22T19:44:00.000Z";"2781";41553.6526912489;41651.2067927986;39450.1189925939;39507.368823822;31338708142.69;774565393660.75;"2024-01-22T23:59:59.999Z"
"2024-01-21T00:00:00.000Z";"2024-01-21T23:59:59.999Z";"2024-01-21T14:17:00.000Z";"2024-01-21T23:32:00.000Z";"2781";41671.488525486;41855.3687214059;41497.0096642442;41545.7835143902;9344043641.69;814488966035.62;"2024-01-21T23:59:59.999Z"
"2024-01-20T00:00:00.000Z";"2024-01-20T23:59:59.999Z";"2024-01-20T21:10:00.000Z";"2024-01-20T00:39:00.000Z";"2781";41624.5890285851;41877.8939176969;41446.8230903601;41665.5848362109;11586690904.11;816801167080.27;"2024-01-20T23:59:59.999Z"
"2024-01-19T00:00:00.000Z";"2024-01-19T23:59:59.999Z";"2024-01-19T20:15:00.000Z";"2024-01-19T17:11:00.000Z";"2781";41278.4591854003;42134.1589750297;40297.4578577579;41618.4073654042;25752407154.41;815839646533.36;"2024-01-19T23:59:59.999Z"
"2024-01-18T00:00:00.000Z";"2024-01-18T23:59:59.999Z";"2024-01-18T08:03:00.000Z";"2024-01-18T20:37:00.000Z";"2781";42742.3116238329;42876.3466025394;40631.170494622;41262.0583641846;25218357242.1;808819115627.1;"2024-01-18T23:59:59.999Z"
"2024-01-17T00:00:00.000Z";"2024-01-17T23:59:59.999Z";"2024-01-17T01:29:00.000Z";"2024-01-17T17:06:00.000Z";"2781";43132.1003391655;43189.8905105363;42189.3105279928;42742.6528373141;20851232595.16;837804850463.55;"2024-01-17T23:59:59.999Z"
"2024-01-16T00:00:00.000Z";"2024-01-16T23:59:59.999Z";"2024-01-16T21:39:00.000Z";"2024-01-16T14:45:00.000Z";"2781";42499.3375361691;43566.2749235186;42085.9960280039;43154.9442343824;24062872739.52;845855247845.2;"2024-01-16T23:59:59.999Z"
"2024-01-15T00:00:00.000Z";"2024-01-15T23:59:59.999Z";"2024-01-15T18:47:00.000Z";"2024-01-15T00:02:00.000Z";"2781";41715.0665274581;43319.7211832336;41705.4183277754;42511.9677203311;22320220557.74;833216754804.02;"2024-01-15T23:59:59.999Z"
"2024-01-14T00:00:00.000Z";"2024-01-14T23:59:59.999Z";"2024-01-14T09:59:00.000Z";"2024-01-14T23:55:00.000Z";"2781";42842.2636652252;43065.5988521059;41724.6137245906;41796.2696064245;17521429522.39;819159863482.62;"2024-01-14T23:59:59.999Z"
"2024-01-13T00:00:00.000Z";"2024-01-13T23:59:59.999Z";"2024-01-13T08:30:00.000Z";"2024-01-13T03:31:00.000Z";"2781";42799.4464877818;43234.6617771986;42464.1432038222;42842.382191236;20601860468.7;839627405357.25;"2024-01-13T23:59:59.999Z"
"2024-01-12T00:00:00.000Z";"2024-01-12T23:59:59.999Z";"2024-01-12T00:47:00.000Z";"2024-01-12T22:30:00.000Z";"2781";46354.7931880012;46498.1348211579;41903.7707507553;42853.166658062;43332698900.4;839796421013.38;"2024-01-12T23:59:59.999Z"
"2024-01-11T00:00:00.000Z";"2024-01-11T23:59:59.999Z";"2024-01-11T14:52:00.000Z";"2024-01-11T06:19:00.000Z";"2781";46656.0730839661;48969.3713995297;45678.6453977641;46368.5853820194;45833734549.23;908639958360.69;"2024-01-11T23:59:59.999Z"
"2024-01-10T00:00:00.000Z";"2024-01-10T23:59:59.999Z";"2024-01-10T23:20:00.000Z";"2024-01-10T13:01:00.000Z";"2781";46121.5398246707;47647.2209853195;44483.1508612105;46627.7791119614;50114613298.1;913669280076.61;"2024-01-10T23:59:59.999Z"
"2024-01-09T00:00:00.000Z";"2024-01-09T23:59:59.999Z";"2024-01-09T21:15:00.000Z";"2024-01-09T21:27:00.000Z";"2781";46987.6387410088;47893.701008309;45244.7151480448;46139.7303748525;39821290991.56;904067321453.05;"2024-01-09T23:59:59.999Z"
"2024-01-08T00:00:00.000Z";"2024-01-08T23:59:59.999Z";"2024-01-08T21:42:00.000Z";"2024-01-08T02:54:00.000Z";"2781";43948.7069553091;47218.0011250012;43244.0816061893;46970.5023144901;42746192015.18;920302445948.27;"2024-01-08T23:59:59.999Z"
"2024-01-07T00:00:00.000Z";"2024-01-07T23:59:59.999Z";"2024-01-07T14:09:00.000Z";"2024-01-07T23:45:00.000Z";"2781";43998.4642425627;44495.5714707771;43662.2286270794;43943.0972289695;19330573863.32;860951836726.3;"2024-01-07T23:59:59.999Z"
"2024-01-06T00:00:00.000Z";"2024-01-06T23:59:59.999Z";"2024-01-06T00:10:00.000Z";"2024-01-06T07:07:00.000Z";"2781";44178.9546068436;44227.6313072794;43475.1564305872;43989.1940934574;16092503467.55;861821994190.94;"2024-01-06T23:59:59.999Z"
"2024-01-05T00:00:00.000Z";"2024-01-05T23:59:59.999Z";"2024-01-05T23:07:00.000Z";"2024-01-05T01:49:00.000Z";"2781";44192.9786987717;44353.2858592993;42784.7182659068;44162.6916302269;32336029346.8;865182724165.6;"2024-01-05T23:59:59.999Z"
"2024-01-04T00:00:00.000Z";"2024-01-04T23:59:59.999Z";"2024-01-04T22:22:00.000Z";"2024-01-04T01:26:00.000Z";"2781";42855.8147613589;44770.0234137515;42675.174006958;44179.9217008268;30448091209.81;865482457123.12;"2024-01-04T23:59:59.999Z"
"2024-01-03T00:00:00.000Z";"2024-01-03T23:59:59.999Z";"2024-01-03T09:40:00.000Z";"2024-01-03T12:10:00.000Z";"2781";44961.6031868025;45503.2417949492;40813.5348681668;42848.1756409655;46342323118.41;839345928378.25;"2024-01-03T23:59:59.999Z"
"2024-01-02T00:00:00.000Z";"2024-01-02T23:59:59.999Z";"2024-01-02T09:07:00.000Z";"2024-01-02T00:01:00.000Z";"2781";44187.1390394876;45899.7063545898;44176.9504427245;44957.9700541418;39335274535.93;880631637169.92;"2024-01-02T23:59:59.999Z"
"2024-01-01T00:00:00.000Z";"2024-01-01T23:59:59.999Z";"2024-01-01T23:53:00.000Z";"2024-01-01T06:02:00.000Z";"2781";42280.2352761923;44175.4360525169;42214.9767546307;44167.3302140774;18426978443.25;865106026911.1;"2024-01-01T23:59:59.999Z"
"2023-12-31T00:00:00.000Z";"2023-12-31T23:59:59.999Z";"2023-12-31T09:46:00.000Z";"2023-12-31T02:53:00.000Z";"2781";42152.0984535163;42860.9373917843;41998.2553456874;42265.185654866;16397498809.56;827811209384.42;"2023-12-31T23:59:59.999Z"
"2023-12-30T00:00:00.000Z";"2023-12-30T23:59:59.999Z";"2023-12-30T16:18:00.000Z";"2023-12-30T09:45:00.000Z";"2781";42091.7526436775;42584.1236395343;41556.225992296;42156.9011497639;16013925944.56;825646829609.94;"2023-12-30T23:59:59.999Z"
"2023-12-29T00:00:00.000Z";"2023-12-29T23:59:59.999Z";"2023-12-29T14:43:00.000Z";"2023-12-29T22:21:00.000Z";"2781";42614.6438924239;43124.3258597128;41424.0606411494;42099.40280858;26000021055.12;824484176968.87;"2023-12-29T23:59:59.999Z"
"2023-12-28T00:00:00.000Z";"2023-12-28T23:59:59.999Z";"2023-12-28T00:39:00.000Z";"2023-12-28T16:28:00.000Z";"2781";43468.1980626735;43804.7814175761;42318.5488619045;42627.8535313684;22992093013.71;834791614273.2;"2023-12-28T23:59:59.999Z"
"2023-12-27T00:00:00.000Z";"2023-12-27T23:59:59.999Z";"2023-12-27T22:18:00.000Z";"2023-12-27T03:34:00.000Z";"2781";42518.4685280916;43683.1598081313;42167.5834863898;43442.8545582321;25260941031.66;850720785457.95;"2023-12-27T23:59:59.999Z"
"2023-12-26T00:00:00.000Z";"2023-12-26T23:59:59.999Z";"2023-12-26T00:01:00.000Z";"2023-12-26T17:40:00.000Z";"2781";43599.8475904194;43603.1754416663;41676.4899684567;42520.4015112687;30026850981.84;832620130497.96;"2023-12-26T23:59:59.999Z"
"2023-12-25T00:00:00.000Z";"2023-12-25T23:59:59.999Z";"2023-12-25T13:03:00.000Z";"2023-12-25T00:44:00.000Z";"2781";43010.5729205333;43765.0921434755;42765.7711390539;43613.1420846622;21115795370.27;853982087896.47;"2023-12-25T23:59:59.999Z"
"2023-12-24T00:00:00.000Z";"2023-12-24T23:59:59.999Z";"2023-12-24T04:13:00.000Z";"2023-12-24T22:17:00.000Z";"2781";43728.3659896895;43945.5215615407;42786.9178556284;43016.1176211831;18830554084.77;842253948410.3;"2023-12-24T23:59:59.999Z"
"2023-12-23T00:00:00.000Z";"2023-12-23T23:59:59.999Z";"2023-12-23T00:02:00.000Z";"2023-12-23T04:13:00.000Z";"2781";44012.1986320734;44015.6986411337;43351.3557019809;43739.5421372235;13507796558.22;856371815373.69;"2023-12-23T23:59:59.999Z"
"2023-12-22T00:00:00.000Z";"2023-12-22T23:59:59.999Z";"2023-12-22T06:35:00.000Z";"2023-12-22T14:30:00.000Z";"2781";43868.9864223563;44367.9557717841;43441.9679523025;43997.9014099549;21028503216.23;861384314118.89;"2023-12-22T23:59:59.999Z"
"2023-12-21T00:00:00.000Z";"2023-12-21T23:59:59.999Z";"2023-12-21T13:56:00.000Z";"2023-12-21T02:51:00.000Z";"2781";43648.1249306302;44240.6691278117;43330.0526463835;43869.1508569937;22452766168.52;858819785954.74;"2023-12-21T23:59:59.999Z"
"2023-12-20T00:00:00.000Z";"2023-12-20T23:59:59.999Z";"2023-12-20T15:15:00.000Z";"2023-12-20T02:09:00.000Z";"2781";42261.3001386457;44275.5875124813;42223.81786147;43652.2486680177;27868908174.14;854532316613.74;"2023-12-20T23:59:59.999Z"
"2023-12-19T00:00:00.000Z";"2023-12-19T23:59:59.999Z";"2023-12-19T02:01:00.000Z";"2023-12-19T17:59:00.000Z";"2781";42641.5102132607;43354.2965965116;41826.3351516884;42270.526139511;23171001281;827447113190.4;"2023-12-19T23:59:59.999Z"
"2023-12-18T00:00:00.000Z";"2023-12-18T23:59:59.999Z";"2023-12-18T21:49:00.000Z";"2023-12-18T10:38:00.000Z";"2781";41348.2020891569;42720.2971272287;40530.2585192877;42623.5383250276;25224642007.51;834312073585.64;"2023-12-18T23:59:59.999Z"
"2023-12-17T00:00:00.000Z";"2023-12-17T23:59:59.999Z";"2023-12-17T17:15:00.000Z";"2023-12-17T23:38:00.000Z";"2781";42236.1083449133;42359.4961190853;41274.5435178846;41364.665918237;16678702876;809628537784.36;"2023-12-17T23:59:59.999Z"
"2023-12-16T00:00:00.000Z";"2023-12-16T23:59:59.999Z";"2023-12-16T16:45:00.000Z";"2023-12-16T00:40:00.000Z";"2781";41937.7409680042;42664.9451355563;41723.1134662413;42240.1190820501;14386729589.96;826722808111.63;"2023-12-16T23:59:59.999Z"
"2023-12-15T00:00:00.000Z";"2023-12-15T23:59:59.999Z";"2023-12-15T00:30:00.000Z";"2023-12-15T15:47:00.000Z";"2781";43028.2506905271;43087.823772867;41692.9680383251;41929.758392901;19639442461.7;820610949396.45;"2023-12-15T23:59:59.999Z"
"2023-12-14T00:00:00.000Z";"2023-12-14T23:59:59.999Z";"2023-12-14T17:49:00.000Z";"2023-12-14T13:31:00.000Z";"2781";42884.262691725;43390.8603735018;41767.0905401243;43023.9719741933;25578530177.94;841983433932.16;"2023-12-14T23:59:59.999Z"
"2023-12-13T00:00:00.000Z";"2023-12-13T23:59:59.999Z";"2023-12-13T22:16:00.000Z";"2023-12-13T04:21:00.000Z";"2781";41468.4658620962;43429.7806213337;40676.8681612393;42890.7407335901;26797884673.86;839333709178.59;"2023-12-13T23:59:59.999Z"
"2023-12-12T00:00:00.000Z";"2023-12-12T23:59:59.999Z";"2023-12-12T08:49:00.000Z";"2023-12-12T18:00:00.000Z";"2781";41238.7333899751;42048.3037818572;40667.5618509577;41450.2221904665;24779520131.83;811106735270.16;"2023-12-12T23:59:59.999Z"
"2023-12-11T00:00:00.000Z";"2023-12-11T23:59:59.999Z";"2023-12-11T00:10:00.000Z";"2023-12-11T19:42:00.000Z";"2781";43792.0178583651;43808.3730556685;40234.5783345331;41243.833314624;40632672038.1;807028644888.58;"2023-12-11T23:59:59.999Z"
"2023-12-10T00:00:00.000Z";"2023-12-10T23:59:59.999Z";"2023-12-10T21:10:00.000Z";"2023-12-10T23:22:00.000Z";"2781";43728.3834800905;44034.6249687773;43593.2837953064;43779.6972879957;13000481418.42;856608048216.73;"2023-12-10T23:59:59.999Z"
"2023-12-09T00:00:00.000Z";"2023-12-09T23:59:59.999Z";"2023-12-09T05:31:00.000Z";"2023-12-09T23:36:00.000Z";"2781";44180.0209431358;44361.2573501547;43627.5971803905;43725.9858124315;17368210171.26;855518589113.84;"2023-12-09T23:59:59.999Z"
"2023-12-08T00:00:00.000Z";"2023-12-08T23:59:59.999Z";"2023-12-08T21:26:00.000Z";"2023-12-08T10:21:00.000Z";"2781";43293.1349473961;44705.5150094178;43125.2951035043;44166.6006381823;24421116686.73;864097723185.33;"2023-12-08T23:59:59.999Z"
"2023-12-07T00:00:00.000Z";"2023-12-07T23:59:59.999Z";"2023-12-07T04:40:00.000Z";"2023-12-07T09:28:00.000Z";"2781";43769.1310742455;44042.5880240247;42880.650128739;43292.664239208;27635760670.97;846962790499.37;"2023-12-07T23:59:59.999Z"
"2023-12-06T00:00:00.000Z";"2023-12-06T23:59:59.999Z";"2023-12-06T14:29:00.000Z";"2023-12-06T11:35:00.000Z";"2781";44080.0242501869;44265.7704026223;43478.0813159423;43746.4453572592;29909761585.63;855807598358.2;"2023-12-06T23:59:59.999Z"
"2023-12-05T00:00:00.000Z";"2023-12-05T23:59:59.999Z";"2023-12-05T22:30:00.000Z";"2023-12-05T07:45:00.000Z";"2781";41986.264347015;44408.6657350926;41421.1473852755;44080.6479510633;36312154534.7;862310043283.5;"2023-12-05T23:59:59.999Z"
"2023-12-04T00:00:00.000Z";"2023-12-04T23:59:59.999Z";"2023-12-04T22:20:00.000Z";"2023-12-04T00:00:00.000Z";"2781";39978.6286477951;42371.7494405891;39978.6286477951;41980.099479768;39856129826.57;821180324321.75;"2023-12-04T23:59:59.999Z"
"2023-12-03T00:00:00.000Z";"2023-12-03T23:59:59.999Z";"2023-12-03T23:11:00.000Z";"2023-12-03T03:13:00.000Z";"2781";39472.2074711724;40135.6048969089;39298.1655236638;39978.3918165449;15769696321.58;781986059221.04;"2023-12-03T23:59:59.999Z"
"2023-12-02T00:00:00.000Z";"2023-12-02T23:59:59.999Z";"2023-12-02T21:54:00.000Z";"2023-12-02T00:32:00.000Z";"2781";38689.2786171684;39678.9372866006;38652.5956762182;39476.3332803722;15534035611.94;772125221563.13;"2023-12-02T23:59:59.999Z"
"2023-12-01T00:00:00.000Z";"2023-12-01T23:59:59.999Z";"2023-12-01T16:35:00.000Z";"2023-12-01T00:28:00.000Z";"2781";37718.0096264496;38954.1104267705;37629.3589120492;38688.7483611912;23512784001.94;756690015947.53;"2023-12-01T23:59:59.999Z"
"2023-11-30T00:00:00.000Z";"2023-11-30T23:59:59.999Z";"2023-11-30T04:16:00.000Z";"2023-11-30T15:50:00.000Z";"2781";37861.1188827035;38141.753547202;37531.1416285477;37712.7477716325;18115982627.42;737560917365.82;"2023-11-30T23:59:59.999Z"
"2023-11-29T00:00:00.000Z";"2023-11-29T23:59:59.999Z";"2023-11-29T08:58:00.000Z";"2023-11-29T15:14:00.000Z";"2781";37826.105521743;38366.1129965833;37612.6316233579;37858.4940548249;20728546657.66;740379866134.15;"2023-11-29T23:59:59.999Z"
"2023-11-28T00:00:00.000Z";"2023-11-28T23:59:59.999Z";"2023-11-28T19:43:00.000Z";"2023-11-28T05:39:00.000Z";"2781";37247.9911748235;38368.4799548652;36891.0893619888;37831.08686845;21696137014.15;739813120655.74;"2023-11-28T23:59:59.999Z"
"2023-11-27T00:00:00.000Z";"2023-11-27T23:59:59.999Z";"2023-11-27T01:08:00.000Z";"2023-11-27T16:02:00.000Z";"2781";37454.1919552581;37559.3545503467;36750.127104535;37254.1688542494;19002925719.53;728495474098.44;"2023-11-27T23:59:59.999Z"
"2023-11-26T00:00:00.000Z";"2023-11-26T23:59:59.999Z";"2023-11-26T08:35:00.000Z";"2023-11-26T17:02:00.000Z";"2781";37796.8288643375;37820.3013424636;37162.7491535169;37479.1222936619;13744796068.31;732864171270.83;"2023-11-26T23:59:59.999Z"
"2023-11-25T00:00:00.000Z";"2023-11-25T23:59:59.999Z";"2023-11-25T20:05:00.000Z";"2023-11-25T11:44:00.000Z";"2781";37721.4134479349;37892.4299655735;37617.4168346315;37796.792344848;9099571165.44;739040907499.57;"2023-11-25T23:59:59.999Z"
"2023-11-24T00:00:00.000Z";"2023-11-24T23:59:59.999Z";"2023-11-24T15:41:00.000Z";"2023-11-24T00:14:00.000Z";"2781";37296.3168330161;38415.3381982376;37261.6060502206;37720.2811521398;22922957822.74;737506220401.3;"2023-11-24T23:59:59.999Z"
"2023-11-23T00:00:00.000Z";"2023-11-23T23:59:59.999Z";"2023-11-23T10:00:00.000Z";"2023-11-23T15:55:00.000Z";"2781";37420.4338755699;37643.918419055;36923.8643638084;37289.6206606291;14214948217.22;729048665033.17;"2023-11-23T23:59:59.999Z"
"2023-11-22T00:00:00.000Z";"2023-11-22T23:59:59.999Z";"2023-11-22T21:32:00.000Z";"2023-11-22T00:01:00.000Z";"2781";35756.5532577388;37856.9799117719;35670.9718775193;37432.3383067227;24397247860.33;731805245915.84;"2023-11-22T23:59:59.999Z"
"2023-11-21T00:00:00.000Z";"2023-11-21T23:59:59.999Z";"2023-11-21T02:01:00.000Z";"2023-11-21T23:59:00.000Z";"2781";37469.1597071434;37631.1396417926;35813.8113636295;35813.8113636295;25172163755.87;700129319722.62;"2023-11-21T23:59:59.999Z"
"2023-11-20T00:00:00.000Z";"2023-11-20T23:59:59.999Z";"2023-11-20T17:52:00.000Z";"2023-11-20T14:12:00.000Z";"2781";37374.0746847021;37756.8192892406;36882.5319812888;37476.9558592879;20888209067.56;732607478252.01;"2023-11-20T23:59:59.999Z"
"2023-11-19T00:00:00.000Z";"2023-11-19T23:59:59.999Z";"2023-11-19T23:43:00.000Z";"2023-11-19T14:16:00.000Z";"2781";36585.7656994176;37509.3562598784;36414.5982759999;37386.547774872;12915986552.51;730802775303.56;"2023-11-19T23:59:59.999Z"
"2023-11-18T00:00:00.000Z";"2023-11-18T23:59:59.999Z";"2023-11-18T16:13:00.000Z";"2023-11-18T07:05:00.000Z";"2781";36625.3714763297;36839.2828685121;36233.3117312511;36585.7029298644;11886022717.42;715107332423.29;"2023-11-18T23:59:59.999Z"
"2023-11-17T00:00:00.000Z";"2023-11-17T23:59:59.999Z";"2023-11-17T23:09:00.000Z";"2023-11-17T14:56:00.000Z";"2781";36164.8236042335;36704.4828037394;35901.2355630271;36596.6819231214;22445028429.93;715288296429.98;"2023-11-17T23:59:59.999Z"
"2023-11-16T00:00:00.000Z";"2023-11-16T23:59:59.999Z";"2023-11-16T00:07:00.000Z";"2023-11-16T19:40:00.000Z";"2781";37879.9799370366;37934.625198059;35545.473342881;36154.7692413685;26007385365.73;706617161805.01;"2023-11-16T23:59:59.999Z"
"2023-11-15T00:00:00.000Z";"2023-11-15T23:59:59.999Z";"2023-11-15T23:57:00.000Z";"2023-11-15T02:20:00.000Z";"2781";35548.1127933703;37964.8928323147;35383.7809668933;37880.5831724307;27365821678.5;740312548128.35;"2023-11-15T23:59:59.999Z"
"2023-11-14T00:00:00.000Z";"2023-11-14T23:59:59.999Z";"2023-11-14T08:19:00.000Z";"2023-11-14T18:54:00.000Z";"2781";36491.787577554;36753.3521876241;34948.5002761446;35537.6405155251;23857403554.48;694491212462.29;"2023-11-14T23:59:59.999Z"
"2023-11-13T00:00:00.000Z";"2023-11-13T23:59:59.999Z";"2023-11-13T01:18:00.000Z";"2023-11-13T21:37:00.000Z";"2781";37070.3058713039;37405.1152995046;36399.6051113486;36502.3573373281;19057712790.07;713311947480.48;"2023-11-13T23:59:59.999Z"
"2023-11-12T00:00:00.000Z";"2023-11-12T23:59:59.999Z";"2023-11-12T15:46:00.000Z";"2023-11-12T00:50:00.000Z";"2781";37133.9908846586;37227.6925577401;36779.1165342627;37054.5201429095;11545715998.89;724074263172.69;"2023-11-12T23:59:59.999Z"
"2023-11-11T00:00:00.000Z";"2023-11-11T23:59:59.999Z";"2023-11-11T00:30:00.000Z";"2023-11-11T22:15:00.000Z";"2781";37310.070760187;37407.0932751349;36773.6664564109;37138.0505408954;13924272141.51;725668445884.77;"2023-11-11T23:59:59.999Z"
"2023-11-10T00:00:00.000Z";"2023-11-10T23:59:59.999Z";"2023-11-10T23:17:00.000Z";"2023-11-10T08:19:00.000Z";"2781";36702.2518583303;37493.8013005562;36362.7552276005;37313.9696874571;22711265155.03;729069481963.87;"2023-11-10T23:59:59.999Z"
"2023-11-09T00:00:00.000Z";"2023-11-09T23:59:59.999Z";"2023-11-09T14:54:00.000Z";"2023-11-09T00:07:00.000Z";"2781";35633.6343938602;37926.2567969959;35592.1032519349;36693.1236338431;37762672381.84;716902433922.7;"2023-11-09T23:59:59.999Z"
"2023-11-08T00:00:00.000Z";"2023-11-08T23:59:59.999Z";"2023-11-08T23:46:00.000Z";"2023-11-08T15:26:00.000Z";"2781";35419.4767171176;35994.4165314881;35147.8008053808;35655.2760812313;17295394917.86;696595346035.22;"2023-11-08T23:59:59.999Z"
"2023-11-07T00:00:00.000Z";"2023-11-07T23:59:59.999Z";"2023-11-07T20:58:00.000Z";"2023-11-07T12:13:00.000Z";"2781";35047.7936330374;35892.4163695816;34545.8150953191;35443.5613607149;18834737788.75;692425627404.3;"2023-11-07T23:59:59.999Z"
"2023-11-06T00:00:00.000Z";"2023-11-06T23:59:59.999Z";"2023-11-06T10:40:00.000Z";"2023-11-06T05:31:00.000Z";"2781";35044.7899191289;35286.0268268344;34765.3648471006;35037.3694407199;12693436419.5;684460477854.1;"2023-11-06T23:59:59.999Z"
"2023-11-05T00:00:00.000Z";"2023-11-05T23:59:59.999Z";"2023-11-05T23:05:00.000Z";"2023-11-05T21:53:00.000Z";"2781";35090.013021366;35340.3397190718;34594.2425771252;35049.3559240236;12412743995.66;684667682720.63;"2023-11-05T23:59:59.999Z"
"2023-11-04T00:00:00.000Z";"2023-11-04T23:59:59.999Z";"2023-11-04T23:09:00.000Z";"2023-11-04T05:11:00.000Z";"2781";34736.3234106715;35256.032746518;34616.6933359046;35082.1972208526;9561294263.72;685272381015.38;"2023-11-04T23:59:59.999Z"
"2023-11-03T00:00:00.000Z";"2023-11-03T23:59:59.999Z";"2023-11-03T00:00:00.000Z";"2023-11-03T10:20:00.000Z";"2781";34942.474318143;34942.474318143;34133.4396153842;34732.3255842841;17158456701.46;678402411403.87;"2023-11-03T23:59:59.999Z"
"2023-11-02T00:00:00.000Z";"2023-11-02T23:59:59.999Z";"2023-11-02T02:51:00.000Z";"2023-11-02T16:32:00.000Z";"2781";35441.5773850879;35919.8436017766;34401.5749059473;34938.2423951435;20998158544.23;682394289860.93;"2023-11-02T23:59:59.999Z"
"2023-11-01T00:00:00.000Z";"2023-11-01T23:59:59.999Z";"2023-11-01T21:05:00.000Z";"2023-11-01T14:57:00.000Z";"2781";34657.275324496;35527.9315607675;34170.6925900981;35437.2531810872;22446272004.73;692109682986.45;"2023-11-01T23:59:59.999Z"
"2023-10-31T00:00:00.000Z";"2023-10-31T23:59:59.999Z";"2023-10-31T21:21:00.000Z";"2023-10-31T08:07:00.000Z";"2781";34500.077738405;34719.2540492146;34083.3094592027;34667.7793605467;15758270810.39;677047621125.28;"2023-10-31T23:59:59.999Z"
"2023-10-30T00:00:00.000Z";"2023-10-30T23:59:59.999Z";"2023-10-30T14:23:00.000Z";"2023-10-30T17:20:00.000Z";"2781";34531.7413739892;34843.9354996506;34110.97396275;34502.3646632352;17184860315.15;673783741121.58;"2023-10-30T23:59:59.999Z"
"2023-10-29T00:00:00.000Z";"2023-10-29T23:59:59.999Z";"2023-10-29T18:31:00.000Z";"2023-10-29T04:05:00.000Z";"2781";34089.3717393188;34743.2624156324;33947.5671779426;34538.4820881103;11160323986.4;674455804209.68;"2023-10-29T23:59:59.999Z"
"2023-10-28T00:00:00.000Z";"2023-10-28T23:59:59.999Z";"2023-10-28T11:22:00.000Z";"2023-10-28T01:38:00.000Z";"2781";33907.7236538604;34399.3889776255;33874.80478364;34089.5758722222;10160330824.97;665660534679.17;"2023-10-28T23:59:59.999Z"
"2023-10-27T00:00:00.000Z";"2023-10-27T23:59:59.999Z";"2023-10-27T07:00:00.000Z";"2023-10-27T18:32:00.000Z";"2781";34156.5006862458;34238.2107710298;33416.8854859996;33909.7992843111;16418032871.14;662115721497.01;"2023-10-27T23:59:59.999Z"
"2023-10-26T00:00:00.000Z";"2023-10-26T23:59:59.999Z";"2023-10-26T03:43:00.000Z";"2023-10-26T17:02:00.000Z";"2781";34504.2874223132;34832.9085401984;33762.3232894547;34156.6498283887;19427195375.76;666904079221.52;"2023-10-26T23:59:59.999Z"
"2023-10-25T00:00:00.000Z";"2023-10-25T23:59:59.999Z";"2023-10-25T16:17:00.000Z";"2023-10-25T07:47:00.000Z";"2781";33916.0440547641;35133.7575692805;33709.1103099721;34502.8208915452;25254318008.32;673629831821.37;"2023-10-25T23:59:59.999Z"
"2023-10-24T00:00:00.000Z";"2023-10-24T23:59:59.999Z";"2023-10-24T02:27:00.000Z";"2023-10-24T00:09:00.000Z";"2781";33077.3039477251;35150.4334987547;32880.7617303701;33901.5265633635;44934999644.84;661859706505.71;"2023-10-24T23:59:59.999Z"
"2023-10-23T00:00:00.000Z";"2023-10-23T23:59:59.999Z";"2023-10-23T22:43:00.000Z";"2023-10-23T01:03:00.000Z";"2781";30140.6848629718;34370.4387694494;30097.8287422783;33086.2329685778;38363572311.35;645916652811.37;"2023-10-23T23:59:59.999Z"
"2023-10-22T00:00:00.000Z";"2023-10-22T23:59:59.999Z";"2023-10-22T06:13:00.000Z";"2023-10-22T07:41:00.000Z";"2781";29918.6550353499;30199.433111792;29720.3134496158;29993.896524372;10446520039.78;585517392721.71;"2023-10-22T23:59:59.999Z"
"2023-10-21T00:00:00.000Z";"2023-10-21T23:59:59.999Z";"2023-10-21T18:02:00.000Z";"2023-10-21T03:13:00.000Z";"2781";29683.3818172183;30287.4816486504;29481.752314224;29918.4116679289;11541146995.56;584015234381.83;"2023-10-21T23:59:59.999Z"
"2023-10-20T00:00:00.000Z";"2023-10-20T23:59:59.999Z";"2023-10-20T10:41:00.000Z";"2023-10-20T01:13:00.000Z";"2781";28732.8115476298;30104.0856129743;28601.6701571248;29682.9492736036;21536125230.44;579392054001.41;"2023-10-20T23:59:59.999Z"
"2023-10-19T00:00:00.000Z";"2023-10-19T23:59:59.999Z";"2023-10-19T16:25:00.000Z";"2023-10-19T01:47:00.000Z";"2781";28332.4153057225;28892.4736768208;28177.987543782;28719.8061329065;14448058194.96;560568426319.13;"2023-10-19T23:59:59.999Z"